Record Length,2500,Points,0.0,600.000023842E-3,
Sample Interval,19.9999996E-3,s,19.9999996E-3,400.00000596E-3,
Trigger Point,0.0,Samples,39.99999911E-3,400.00000596E-3,
,,,59.999998659E-3,200.00000298E-3,
,,,79.999998212E-3,0.0,
,,,99.999994040E-3,0.0,
Source,CH1,,119.9999973E-3,0.0,
Vertical Units,Volts,,140.0000006E-3,0.0,
Vertical Scale,5.00000007,,159.99999642E-3,0.0,
Vertical Offset,0,,179.99999225E-3,-200.00000298E-3,
Horizontal Units,s,,199.99998808E-3,0.0,
Horizontal Scale,4.99999989,,219.99999881E-3,-200.00000298E-3,
Pt Fmt,Y,,239.99999464E-3,-200.00000298E-3,
Yzero,-2.6400000,,259.99999046E-3,0.0,
Probe Atten,10.0000000,,280.00000119E-3,0.0,
,,,299.99998212E-3,0.0,
Note,TBS 1102B-EDU - 6:09:02 p. m.   24/10/2025,,319.99999285E-3,0.0,
,,,340.00000358E-3,200.00000298E-3,
,,,359.99998450E-3,400.00000596E-3,
,,,379.99999523E-3,400.00000596E-3,
,,,399.99997616E-3,400.00000596E-3,
,,,419.999986887E-3,600.000023842E-3,
,,,439.999997616E-3,800.000011921E-3,
,,,459.999978542E-3,800.000011921E-3,
,,,479.999989271E-3,800.000011921E-3,
,,,500.000000000E-3,1.2000000,
,,,519.999980927E-3,1.2000000,
,,,539.999961853E-3,1.2000000,
,,,560.000002384E-3,1.000000,
,,,579.999983311E-3,1.2000000,
,,,599.999964237E-3,1.4000000,
,,,620.000004768E-3,1.4000000,
,,,639.999985695E-3,1.6000000,
,,,659.999966621E-3,1.4000000,
,,,680.000007153E-3,1.4000000,
,,,699.999988079E-3,1.4000000,
,,,719.999969006E-3,1.4000000,
,,,740.000009537E-3,1.4000000,
,,,759.999990463E-3,1.2000000,
,,,779.999971390E-3,1.2000000,
,,,799.999952316E-3,1.2000000,
,,,819.999992847E-3,1.2000000,
,,,839.999973774E-3,1.000000,
,,,859.999954700E-3,600.000023842E-3,
,,,879.999995232E-3,800.000011921E-3,
,,,899.999976158E-3,600.000023842E-3,
,,,919.999957085E-3,400.00000596E-3,
,,,939.999997616E-3,400.00000596E-3,
,,,959.999978542E-3,400.00000596E-3,
,,,979.999959469E-3,200.00000298E-3,
,,,1.000000,200.00000298E-3,
,,,1.0200000,0.0,
,,,1.0400000,0.0,
,,,1.0599999,0.0,
,,,1.0799999,0.0,
,,,1.1000000,-200.00000298E-3,
,,,1.1200000,-200.00000298E-3,
,,,1.1400000,0.0,
,,,1.1600000,-200.00000298E-3,
,,,1.1799999,-200.00000298E-3,
,,,1.1999999,0.0,
,,,1.2200000,200.00000298E-3,
,,,1.2400000,200.00000298E-3,
,,,1.2600000,200.00000298E-3,
,,,1.2800000,0.0,
,,,1.3000000,200.00000298E-3,
,,,1.3199999,400.00000596E-3,
,,,1.3399999,400.00000596E-3,
,,,1.3600000,200.00000298E-3,
,,,1.3800000,400.00000596E-3,
,,,1.4000000,600.000023842E-3,
,,,1.4200000,600.000023842E-3,
,,,1.4399999,800.000011921E-3,
,,,1.4599999,800.000011921E-3,
,,,1.4800000,800.000011921E-3,
,,,1.5000000,800.000011921E-3,
,,,1.5200000,800.000011921E-3,
,,,1.5400000,1.000000,
,,,1.5599999,600.000023842E-3,
,,,1.5799999,1.000000,
,,,1.5999999,1.000000,
,,,1.6200000,800.000011921E-3,
,,,1.6400000,1.000000,
,,,1.6600000,800.000011921E-3,
,,,1.6799999,800.000011921E-3,
,,,1.6999999,600.000023842E-3,
,,,1.7199999,600.000023842E-3,
,,,1.7400000,600.000023842E-3,
,,,1.7600000,400.00000596E-3,
,,,1.7800000,400.00000596E-3,
,,,1.8000000,400.00000596E-3,
,,,1.8199999,200.00000298E-3,
,,,1.8399999,200.00000298E-3,
,,,1.8600000,0.0,
,,,1.8800000,0.0,
,,,1.9000000,0.0,
,,,1.9200000,0.0,
,,,1.9399999,0.0,
,,,1.9599999,-200.00000298E-3,
,,,1.9799999,-200.00000298E-3,
,,,2.0000000,-200.00000298E-3,
,,,2.0200000,-200.00000298E-3,
,,,2.0400000,-200.00000298E-3,
,,,2.0599999,-200.00000298E-3,
,,,2.0799999,-200.00000298E-3,
,,,2.0999999,-200.00000298E-3,
,,,2.1199999,-200.00000298E-3,
,,,2.1399999,-200.00000298E-3,
,,,2.1599998,-200.00000298E-3,
,,,2.1800001,0.0,
,,,2.2000000,0.0,
,,,2.2200000,0.0,
,,,2.2400000,0.0,
,,,2.2600000,200.00000298E-3,
,,,2.2800000,0.0,
,,,2.3000000,200.00000298E-3,
,,,2.3199999,200.00000298E-3,
,,,2.3399999,200.00000298E-3,
,,,2.3599999,400.00000596E-3,
,,,2.3799999,200.00000298E-3,
,,,2.3999999,400.00000596E-3,
,,,2.4199998,200.00000298E-3,
,,,2.4400001,400.00000596E-3,
,,,2.4600000,400.00000596E-3,
,,,2.4800000,600.000023842E-3,
,,,2.5000000,0.0,
,,,2.5200000,400.00000596E-3,
,,,2.5400000,400.00000596E-3,
,,,2.5599999,200.00000298E-3,
,,,2.5799999,200.00000298E-3,
,,,2.5999999,200.00000298E-3,
,,,2.6199999,200.00000298E-3,
,,,2.6399999,200.00000298E-3,
,,,2.6599998,200.00000298E-3,
,,,2.6799998,200.00000298E-3,
,,,2.7000000,0.0,
,,,2.72000003,0.0,
,,,2.74000001,0.0,
,,,2.75999999,0.0,
,,,2.77999997,0.0,
,,,2.79999995,0.0,
,,,2.81999993,-200.00000298E-3,
,,,2.83999991,-200.00000298E-3,
,,,2.85999990,-200.00000298E-3,
,,,2.87999988,0.0,
,,,2.89999986,-200.00000298E-3,
,,,2.91999984,-200.00000298E-3,
,,,2.93999982,-400.00000596E-3,
,,,2.96000004,-200.00000298E-3,
,,,2.98000002,-200.00000298E-3,
,,,3.00000000,-200.00000298E-3,
,,,3.01999998,-400.00000596E-3,
,,,3.03999996,-400.00000596E-3,
,,,3.05999994,-400.00000596E-3,
,,,3.07999992,-200.00000298E-3,
,,,3.09999990,-400.00000596E-3,
,,,3.11999989,-200.00000298E-3,
,,,3.13999987,-200.00000298E-3,
,,,3.15999985,-200.00000298E-3,
,,,3.17999983,-200.00000298E-3,
,,,3.19999981,0.0,
,,,3.22000003,-200.00000298E-3,
,,,3.24000001,0.0,
,,,3.25999999,-200.00000298E-3,
,,,3.27999997,0.0,
,,,3.29999995,0.0,
,,,3.31999993,0.0,
,,,3.33999991,0.0,
,,,3.35999990,0.0,
,,,3.37999988,0.0,
,,,3.39999986,0.0,
,,,3.41999984,200.00000298E-3,
,,,3.43999982,0.0,
,,,3.46000004,0.0,
,,,3.48000002,0.0,
,,,3.50000000,0.0,
,,,3.51999998,-200.00000298E-3,
,,,3.53999996,0.0,
,,,3.55999994,0.0,
,,,3.57999992,0.0,
,,,3.59999990,0.0,
,,,3.61999989,0.0,
,,,3.63999987,0.0,
,,,3.65999985,0.0,
,,,3.67999983,0.0,
,,,3.69999981,-200.00000298E-3,
,,,3.72000003,-200.00000298E-3,
,,,3.74000001,0.0,
,,,3.75999999,-200.00000298E-3,
,,,3.77999997,-200.00000298E-3,
,,,3.79999995,-200.00000298E-3,
,,,3.81999993,-400.00000596E-3,
,,,3.83999991,-200.00000298E-3,
,,,3.85999990,-200.00000298E-3,
,,,3.87999988,-200.00000298E-3,
,,,3.89999986,-200.00000298E-3,
,,,3.91999984,-200.00000298E-3,
,,,3.93999982,0.0,
,,,3.95999980,-200.00000298E-3,
,,,3.98000002,-200.00000298E-3,
,,,4.00000000,-200.00000298E-3,
,,,4.01999998,-200.00000298E-3,
,,,4.03999996,-200.00000298E-3,
,,,4.05999994,-200.00000298E-3,
,,,4.07999992,-200.00000298E-3,
,,,4.09999990,0.0,
,,,4.11999989,-200.00000298E-3,
,,,4.13999987,-200.00000298E-3,
,,,4.15999985,-200.00000298E-3,
,,,4.17999983,-200.00000298E-3,
,,,4.19999981,-200.00000298E-3,
,,,4.21999979,0.0,
,,,4.23999977,0.0,
,,,4.25999975,-200.00000298E-3,
,,,4.27999973,0.0,
,,,4.29999971,0.0,
,,,4.31999969,0.0,
,,,4.33999968,-200.00000298E-3,
,,,4.36000013,200.00000298E-3,
,,,4.38000011,0.0,
,,,4.40000010,0.0,
,,,4.42000008,0.0,
,,,4.44000006,0.0,
,,,4.46000004,0.0,
,,,4.48000002,0.0,
,,,4.50000000,0.0,
,,,4.51999998,-200.00000298E-3,
,,,4.53999996,0.0,
,,,4.55999994,-200.00000298E-3,
,,,4.57999992,-200.00000298E-3,
,,,4.59999990,-200.00000298E-3,
,,,4.61999989,0.0,
,,,4.63999987,0.0,
,,,4.65999985,-200.00000298E-3,
,,,4.67999983,-400.00000596E-3,
,,,4.69999981,-200.00000298E-3,
,,,4.71999979,-200.00000298E-3,
,,,4.73999977,-200.00000298E-3,
,,,4.75999975,-400.00000596E-3,
,,,4.77999973,-400.00000596E-3,
,,,4.79999971,-400.00000596E-3,
,,,4.81999969,-400.00000596E-3,
,,,4.83999968,-200.00000298E-3,
,,,4.85999966,-400.00000596E-3,
,,,4.88000011,-400.00000596E-3,
,,,4.90000010,-400.00000596E-3,
,,,4.92000008,-200.00000298E-3,
,,,4.94000006,-400.00000596E-3,
,,,4.96000004,-400.00000596E-3,
,,,4.98000002,-400.00000596E-3,
,,,5.00000000,-400.00000596E-3,
,,,5.01999998,-200.00000298E-3,
,,,5.03999996,-400.00000596E-3,
,,,5.05999994,-400.00000596E-3,
,,,5.07999992,-200.00000298E-3,
,,,5.09999990,-200.00000298E-3,
,,,5.11999989,-400.00000596E-3,
,,,5.13999987,-400.00000596E-3,
,,,5.15999985,-200.00000298E-3,
,,,5.17999983,-200.00000298E-3,
,,,5.19999981,-400.00000596E-3,
,,,5.21999979,-200.00000298E-3,
,,,5.23999977,-200.00000298E-3,
,,,5.25999975,0.0,
,,,5.27999973,400.00000596E-3,
,,,5.29999971,1.000000,
,,,5.31999969,1.8000001,
,,,5.33999968,2.79999995,
,,,5.35999966,3.79999995,
,,,5.38000011,5.00000000,
,,,5.40000010,6.20000029,
,,,5.42000008,7.599999905,
,,,5.44000006,9.000000000,
,,,5.46000004,10.6000004,
,,,5.48000002,12.1999998,
,,,5.50000000,13.8000002,
,,,5.51999998,15.1999998,
,,,5.53999996,17.0000000,
,,,5.55999994,18.6000004,
,,,5.57999992,20.0000000,
,,,5.59999990,21.60000038,
,,,5.61999989,22.60000038,
,,,5.63999987,24.00000000,
,,,5.65999985,25.00000000,
,,,5.67999983,26.20000076,
,,,5.69999981,27.00000000,
,,,5.71999979,27.80000114,
,,,5.73999977,28.60000038,
,,,5.75999975,28.80000114,
,,,5.77999973,29.00000000,
,,,5.79999971,29.39999962,
,,,5.81999969,29.20000076,
,,,5.83999968,29.00000000,
,,,5.85999966,29.00000000,
,,,5.87999964,28.39999962,
,,,5.90000010,27.80000114,
,,,5.92000008,27.20000076,
,,,5.94000006,26.39999962,
,,,5.96000004,25.39999962,
,,,5.98000002,24.39999962,
,,,6.00000000,23.39999962,
,,,6.01999998,22.20000076,
,,,6.03999996,21.39999962,
,,,6.05999994,19.8000011,
,,,6.07999992,18.6000004,
,,,6.09999990,17.3999996,
,,,6.11999989,16.3999996,
,,,6.13999987,15.0000000,
,,,6.15999985,13.8000002,
,,,6.17999983,12.8000002,
,,,6.19999981,11.6000004,
,,,6.21999979,10.8000002,
,,,6.23999977,9.800000191,
,,,6.25999975,8.800000191,
,,,6.27999973,8.400000572,
,,,6.29999971,7.599999905,
,,,6.31999969,7.20000029,
,,,6.33999968,6.59999990,
,,,6.35999966,6.40000010,
,,,6.37999964,6.40000010,
,,,6.39999962,6.40000010,
,,,6.42000008,6.40000010,
,,,6.44000006,6.59999990,
,,,6.46000004,7.00000000,
,,,6.48000002,7.400000095,
,,,6.50000000,7.800000191,
,,,6.51999998,8.600000381,
,,,6.53999996,9.400000572,
,,,6.55999994,10.0000000,
,,,6.57999992,11.0000000,
,,,6.59999990,11.8000002,
,,,6.61999989,12.8000002,
,,,6.63999987,13.6000004,
,,,6.65999985,14.8000002,
,,,6.67999983,15.8000002,
,,,6.69999981,16.6000004,
,,,6.71999979,17.8000011,
,,,6.73999977,18.6000004,
,,,6.75999975,19.2000008,
,,,6.77999973,20.20000076,
,,,6.79999971,21.20000076,
,,,6.81999969,21.80000114,
,,,6.83999968,22.20000076,
,,,6.85999966,22.80000114,
,,,6.87999964,23.39999962,
,,,6.89999962,23.80000114,
,,,6.92000008,24.00000000,
,,,6.94000006,24.00000000,
,,,6.96000004,24.39999962,
,,,6.98000002,24.39999962,
,,,7.00000000,24.00000000,
,,,7.01999998,24.20000076,
,,,7.03999996,23.80000114,
,,,7.05999994,23.60000038,
,,,7.07999992,23.00000000,
,,,7.09999990,22.39999962,
,,,7.11999989,22.00000000,
,,,7.13999987,21.39999962,
,,,7.15999985,21.00000000,
,,,7.17999983,20.0000000,
,,,7.19999981,19.3999996,
,,,7.21999979,18.6000004,
,,,7.23999977,17.8000011,
,,,7.25999975,17.2000008,
,,,7.27999973,16.3999996,
,,,7.29999971,15.8000002,
,,,7.31999969,15.1999998,
,,,7.33999968,14.4000006,
,,,7.35999966,13.6000004,
,,,7.37999964,13.1999998,
,,,7.399999619,12.4000006,
,,,7.419999599,12.0000000,
,,,7.440000057,11.6000004,
,,,7.460000038,11.1999998,
,,,7.480000019,10.8000002,
,,,7.500000000,10.6000004,
,,,7.519999981,10.4000006,
,,,7.539999962,10.4000006,
,,,7.559999943,10.1999998,
,,,7.579999924,10.4000006,
,,,7.599999905,10.4000006,
,,,7.619999886,10.8000002,
,,,7.639999866,10.8000002,
,,,7.659999847,11.4000006,
,,,7.679999828,11.6000004,
,,,7.699999809,12.1999998,
,,,7.719999790,12.6000004,
,,,7.739999771,13.0000000,
,,,7.759999752,13.6000004,
,,,7.779999733,14.1999998,
,,,7.799999714,14.6000004,
,,,7.819999695,15.4000006,
,,,7.839999676,16.0000000,
,,,7.859999657,16.6000004,
,,,7.879999638,17.2000008,
,,,7.899999619,17.6000004,
,,,7.919999599,18.2000008,
,,,7.940000057,18.6000004,
,,,7.960000038,19.2000008,
,,,7.980000019,19.3999996,
,,,8.000000000,20.0000000,
,,,8.019999504,20.39999962,
,,,8.039999962,20.80000114,
,,,8.059999466,20.80000114,
,,,8.079999924,21.20000076,
,,,8.099999428,21.20000076,
,,,8.119999886,21.00000000,
,,,8.139999390,21.20000076,
,,,8.159999847,21.20000076,
,,,8.179999352,21.20000076,
,,,8.199999809,21.20000076,
,,,8.220000267,21.00000000,
,,,8.239999771,20.60000038,
,,,8.260000229,20.39999962,
,,,8.279999733,20.0000000,
,,,8.300000191,19.3999996,
,,,8.319999695,19.2000008,
,,,8.340000153,18.6000004,
,,,8.359999657,18.3999996,
,,,8.380000114,18.0000000,
,,,8.399999619,17.6000004,
,,,8.420000076,17.0000000,
,,,8.439999580,16.6000004,
,,,8.460000038,16.0000000,
,,,8.479999542,15.6000004,
,,,8.500000000,15.1999998,
,,,8.519999504,14.8000002,
,,,8.539999962,14.6000004,
,,,8.559999466,14.0000000,
,,,8.579999924,13.8000002,
,,,8.599999428,13.6000004,
,,,8.619999886,13.4000006,
,,,8.639999390,13.0000000,
,,,8.659999847,13.0000000,
,,,8.679999352,13.0000000,
,,,8.699999809,12.6000004,
,,,8.720000267,12.8000002,
,,,8.739999771,12.8000002,
,,,8.760000229,13.0000000,
,,,8.779999733,13.0000000,
,,,8.800000191,13.0000000,
,,,8.819999695,13.4000006,
,,,8.840000153,13.4000006,
,,,8.859999657,13.8000002,
,,,8.880000114,14.0000000,
,,,8.899999619,14.1999998,
,,,8.920000076,14.8000002,
,,,8.939999580,15.0000000,
,,,8.960000038,15.6000004,
,,,8.979999542,16.0000000,
,,,9.000000000,16.0000000,
,,,9.019999504,16.3999996,
,,,9.039999962,16.8000011,
,,,9.059999466,17.0000000,
,,,9.079999924,17.3999996,
,,,9.099999428,17.8000011,
,,,9.119999886,18.2000008,
,,,9.139999390,18.3999996,
,,,9.159999847,18.8000011,
,,,9.179999352,18.8000011,
,,,9.199999809,18.8000011,
,,,9.220000267,19.0000000,
,,,9.239999771,19.2000008,
,,,9.260000229,19.3999996,
,,,9.279999733,19.2000008,
,,,9.300000191,19.2000008,
,,,9.319999695,19.6000004,
,,,9.340000153,19.2000008,
,,,9.359999657,19.2000008,
,,,9.380000114,19.0000000,
,,,9.399999619,18.8000011,
,,,9.420000076,18.8000011,
,,,9.439999580,18.8000011,
,,,9.460000038,18.3999996,
,,,9.479999542,18.2000008,
,,,9.500000000,17.8000011,
,,,9.519999504,17.6000004,
,,,9.539999962,17.3999996,
,,,9.559999466,17.0000000,
,,,9.579999924,16.8000011,
,,,9.599999428,16.3999996,
,,,9.619999886,16.2000008,
,,,9.639999390,16.0000000,
,,,9.659999847,15.8000002,
,,,9.679999352,15.6000004,
,,,9.699999809,15.1999998,
,,,9.719999313,15.0000000,
,,,9.739999771,15.0000000,
,,,9.760000229,14.8000002,
,,,9.779999733,14.6000004,
,,,9.800000191,14.4000006,
,,,9.819999695,14.4000006,
,,,9.840000153,14.1999998,
,,,9.859999657,14.1999998,
,,,9.880000114,14.1999998,
,,,9.899999619,14.1999998,
,,,9.920000076,14.4000006,
,,,9.939999580,14.4000006,
,,,9.960000038,14.6000004,
,,,9.979999542,14.4000006,
,,,10.0000000,14.6000004,
,,,10.0199995,14.8000002,
,,,10.0400000,15.0000000,
,,,10.0599995,15.1999998,
,,,10.0799999,15.4000006,
,,,10.0999994,15.6000004,
,,,10.1199999,16.0000000,
,,,10.1399994,16.0000000,
,,,10.1599998,16.2000008,
,,,10.1799994,16.3999996,
,,,10.1999998,16.6000004,
,,,10.2199993,16.8000011,
,,,10.2399998,17.0000000,
,,,10.2600002,17.2000008,
,,,10.2799997,17.3999996,
,,,10.3000002,17.3999996,
,,,10.3199997,18.0000000,
,,,10.3400002,18.0000000,
,,,10.3599997,18.0000000,
,,,10.3800001,18.2000008,
,,,10.3999996,18.2000008,
,,,10.4200001,18.3999996,
,,,10.4399996,18.3999996,
,,,10.4600000,18.3999996,
,,,10.4799995,18.2000008,
,,,10.5000000,18.2000008,
,,,10.5199995,18.2000008,
,,,10.5400000,18.0000000,
,,,10.5599995,18.0000000,
,,,10.5799999,18.0000000,
,,,10.5999994,17.8000011,
,,,10.6199999,17.6000004,
,,,10.6399994,17.6000004,
,,,10.6599998,17.3999996,
,,,10.6799994,17.3999996,
,,,10.6999998,17.0000000,
,,,10.7199993,17.0000000,
,,,10.7399998,16.6000004,
,,,10.7600002,16.6000004,
,,,10.7799997,16.6000004,
,,,10.8000002,16.3999996,
,,,10.8199997,16.0000000,
,,,10.8400002,16.0000000,
,,,10.8599997,15.8000002,
,,,10.8800001,15.6000004,
,,,10.8999996,15.6000004,
,,,10.9200001,15.6000004,
,,,10.9399996,15.1999998,
,,,10.9600000,15.1999998,
,,,10.9799995,15.1999998,
,,,11.0000000,15.1999998,
,,,11.0199995,15.1999998,
,,,11.0400000,15.1999998,
,,,11.0599995,15.1999998,
,,,11.0799999,15.1999998,
,,,11.0999994,15.1999998,
,,,11.1199999,15.1999998,
,,,11.1399994,15.4000006,
,,,11.1599998,15.1999998,
,,,11.1799994,15.6000004,
,,,11.1999998,15.4000006,
,,,11.2199993,15.6000004,
,,,11.2399998,15.6000004,
,,,11.2599993,15.8000002,
,,,11.2799997,16.0000000,
,,,11.3000002,16.2000008,
,,,11.3199997,16.3999996,
,,,11.3400002,16.3999996,
,,,11.3599997,16.6000004,
,,,11.3800001,16.8000011,
,,,11.3999996,16.8000011,
,,,11.4200001,16.8000011,
,,,11.4399996,17.2000008,
,,,11.4600000,17.2000008,
,,,11.4799995,17.2000008,
,,,11.5000000,17.3999996,
,,,11.5199995,17.3999996,
,,,11.5400000,17.3999996,
,,,11.5599995,17.6000004,
,,,11.5799999,17.6000004,
,,,11.5999994,17.3999996,
,,,11.6199999,17.8000011,
,,,11.6399994,17.6000004,
,,,11.6599998,17.6000004,
,,,11.6799994,17.3999996,
,,,11.6999998,17.3999996,
,,,11.7199993,17.6000004,
,,,11.7399998,17.2000008,
,,,11.7599993,17.2000008,
,,,11.7799997,17.3999996,
,,,11.8000002,17.0000000,
,,,11.8199997,17.0000000,
,,,11.8400002,17.0000000,
,,,11.8599997,16.8000011,
,,,11.8800001,16.8000011,
,,,11.8999996,16.6000004,
,,,11.9200001,16.3999996,
,,,11.9399996,16.6000004,
,,,11.9600000,16.2000008,
,,,11.9799995,16.2000008,
,,,12.0000000,16.2000008,
,,,12.0199995,16.0000000,
,,,12.0400000,16.0000000,
,,,12.0599995,16.0000000,
,,,12.0799999,15.8000002,
,,,12.0999994,15.8000002,
,,,12.1199999,15.8000002,
,,,12.1399994,15.6000004,
,,,12.1599998,15.6000004,
,,,12.1799994,15.6000004,
,,,12.1999998,15.6000004,
,,,12.2199993,15.8000002,
,,,12.2399998,15.6000004,
,,,12.2599993,15.8000002,
,,,12.2799997,15.6000004,
,,,12.3000002,15.8000002,
,,,12.3199997,16.0000000,
,,,12.3400002,15.8000002,
,,,12.3599997,15.8000002,
,,,12.3800001,16.0000000,
,,,12.3999996,16.0000000,
,,,12.4200001,16.3999996,
,,,12.4399996,16.2000008,
,,,12.4600000,16.2000008,
,,,12.4799995,16.2000008,
,,,12.5000000,16.6000004,
,,,12.5199995,16.6000004,
,,,12.5400000,16.6000004,
,,,12.5599995,16.8000011,
,,,12.5799999,16.6000004,
,,,12.5999994,16.8000011,
,,,12.6199999,16.8000011,
,,,12.6399994,16.8000011,
,,,12.6599998,17.0000000,
,,,12.6799994,16.8000011,
,,,12.6999998,16.8000011,
,,,12.7199993,17.0000000,
,,,12.7399998,17.2000008,
,,,12.7599993,17.2000008,
,,,12.7799997,17.0000000,
,,,12.7999992,17.0000000,
,,,12.8199997,17.0000000,
,,,12.8400002,17.2000008,
,,,12.8599997,17.0000000,
,,,12.8800001,17.0000000,
,,,12.8999996,17.0000000,
,,,12.9200001,16.8000011,
,,,12.9399996,17.0000000,
,,,12.9600000,17.0000000,
,,,12.9799995,16.8000011,
,,,13.0000000,16.8000011,
,,,13.0199995,16.6000004,
,,,13.0400000,16.8000011,
,,,13.0599995,16.6000004,
,,,13.0799999,16.6000004,
,,,13.0999994,16.3999996,
,,,13.1199999,16.3999996,
,,,13.1399994,16.3999996,
,,,13.1599998,16.2000008,
,,,13.1799994,16.3999996,
,,,13.1999998,16.2000008,
,,,13.2199993,16.3999996,
,,,13.2399998,16.2000008,
,,,13.2599993,15.8000002,
,,,13.2799997,16.0000000,
,,,13.2999992,16.0000000,
,,,13.3199997,16.0000000,
,,,13.3400002,16.0000000,
,,,13.3599997,16.0000000,
,,,13.3800001,16.2000008,
,,,13.3999996,16.0000000,
,,,13.4200001,16.0000000,
,,,13.4399996,16.0000000,
,,,13.4600000,16.0000000,
,,,13.4799995,16.2000008,
,,,13.5000000,16.0000000,
,,,13.5199995,16.0000000,
,,,13.5400000,16.3999996,
,,,13.5599995,16.2000008,
,,,13.5799999,16.2000008,
,,,13.5999994,16.2000008,
,,,13.6199999,16.3999996,
,,,13.6399994,16.6000004,
,,,13.6599998,16.6000004,
,,,13.6799994,16.3999996,
,,,13.6999998,16.6000004,
,,,13.7199993,16.6000004,
,,,13.7399998,16.8000011,
,,,13.7599993,16.8000011,
,,,13.7799997,16.8000011,
,,,13.7999992,16.8000011,
,,,13.8199997,16.8000011,
,,,13.8400002,17.0000000,
,,,13.8599997,16.8000011,
,,,13.8800001,16.8000011,
,,,13.8999996,17.0000000,
,,,13.9200001,17.0000000,
,,,13.9399996,17.0000000,
,,,13.9600000,17.0000000,
,,,13.9799995,17.0000000,
,,,14.0000000,16.8000011,
,,,14.0199995,16.8000011,
,,,14.0400000,16.8000011,
,,,14.0599995,16.8000011,
,,,14.0799999,16.8000011,
,,,14.0999994,16.8000011,
,,,14.1199999,16.8000011,
,,,14.1399994,16.6000004,
,,,14.1599998,16.8000011,
,,,14.1799994,16.6000004,
,,,14.1999998,16.6000004,
,,,14.2199993,16.6000004,
,,,14.2399998,16.6000004,
,,,14.2599993,16.6000004,
,,,14.2799997,16.6000004,
,,,14.2999992,16.6000004,
,,,14.3199997,16.3999996,
,,,14.3400002,16.3999996,
,,,14.3599997,16.3999996,
,,,14.3800001,16.2000008,
,,,14.3999996,16.2000008,
,,,14.4200001,16.2000008,
,,,14.4399996,16.3999996,
,,,14.4600000,16.0000000,
,,,14.4799995,16.2000008,
,,,14.5000000,16.3999996,
,,,14.5199995,16.2000008,
,,,14.5400000,16.3999996,
,,,14.5599995,16.2000008,
,,,14.5799999,16.2000008,
,,,14.5999994,16.2000008,
,,,14.6199999,16.2000008,
,,,14.6399994,16.2000008,
,,,14.6599998,16.2000008,
,,,14.6799994,16.3999996,
,,,14.6999998,16.3999996,
,,,14.7199993,16.3999996,
,,,14.7399998,16.3999996,
,,,14.7599993,16.3999996,
,,,14.7799997,16.3999996,
,,,14.7999992,16.3999996,
,,,14.8199997,16.6000004,
,,,14.8399992,16.3999996,
,,,14.8599997,16.3999996,
,,,14.8800001,16.6000004,
,,,14.8999996,16.6000004,
,,,14.9200001,16.6000004,
,,,14.9399996,16.6000004,
,,,14.9600000,16.8000011,
,,,14.9799995,16.8000011,
,,,15.0000000,16.6000004,
,,,15.0199995,16.8000011,
,,,15.0400000,16.6000004,
,,,15.0599995,16.8000011,
,,,15.0799999,16.8000011,
,,,15.0999994,16.8000011,
,,,15.1199999,16.8000011,
,,,15.1399994,16.8000011,
,,,15.1599998,16.6000004,
,,,15.1799994,16.8000011,
,,,15.1999998,16.8000011,
,,,15.2199993,16.6000004,
,,,15.2399998,16.8000011,
,,,15.2599993,16.6000004,
,,,15.2799997,16.8000011,
,,,15.2999992,16.3999996,
,,,15.3199997,16.6000004,
,,,15.3399992,16.6000004,
,,,15.3599997,16.6000004,
,,,15.3800001,16.6000004,
,,,15.3999996,16.6000004,
,,,15.4200001,16.3999996,
,,,15.4399996,16.6000004,
,,,15.4600000,16.6000004,
,,,15.4799995,16.3999996,
,,,15.5000000,16.2000008,
,,,15.5199995,16.3999996,
,,,15.5400000,16.3999996,
,,,15.5599995,16.6000004,
,,,15.5799999,16.3999996,
,,,15.5999994,16.3999996,
,,,15.6199999,16.3999996,
,,,15.6399994,16.3999996,
,,,15.6599998,16.3999996,
,,,15.6799994,16.3999996,
,,,15.6999998,16.2000008,
,,,15.7199993,16.2000008,
,,,15.7399998,16.6000004,
,,,15.7599993,16.3999996,
,,,15.7799997,16.3999996,
,,,15.7999992,16.2000008,
,,,15.8199997,16.3999996,
,,,15.8399992,16.3999996,
,,,15.8599997,16.2000008,
,,,15.8800001,16.2000008,
,,,15.8999996,16.3999996,
,,,15.9200001,16.6000004,
,,,15.9399996,16.6000004,
,,,15.9600000,16.6000004,
,,,15.9799995,16.6000004,
,,,16.0000000,16.6000004,
,,,16.0200005,16.6000004,
,,,16.0399990,16.6000004,
,,,16.0599995,16.6000004,
,,,16.0799999,16.6000004,
,,,16.1000004,16.8000011,
,,,16.1199989,16.6000004,
,,,16.1399994,16.6000004,
,,,16.1599998,16.6000004,
,,,16.1800003,16.8000011,
,,,16.1999989,16.6000004,
,,,16.2199993,16.6000004,
,,,16.2399998,16.8000011,
,,,16.2600002,16.8000011,
,,,16.2799988,16.6000004,
,,,16.2999992,16.6000004,
,,,16.3199997,16.6000004,
,,,16.3400002,16.6000004,
,,,16.3599987,16.8000011,
,,,16.3799992,16.6000004,
,,,16.3999996,16.6000004,
,,,16.4200001,16.8000011,
,,,16.4400005,16.6000004,
,,,16.4599991,16.6000004,
,,,16.4799995,16.6000004,
,,,16.5000000,16.6000004,
,,,16.5200005,16.6000004,
,,,16.5399990,16.6000004,
,,,16.5599995,16.6000004,
,,,16.5799999,16.3999996,
,,,16.6000004,16.6000004,
,,,16.6199989,16.3999996,
,,,16.6399994,16.6000004,
,,,16.6599998,16.3999996,
,,,16.6800003,16.3999996,
,,,16.6999989,16.3999996,
,,,16.7199993,16.3999996,
,,,16.7399998,16.3999996,
,,,16.7600002,16.3999996,
,,,16.7799988,16.3999996,
,,,16.7999992,16.6000004,
,,,16.8199997,16.6000004,
,,,16.8400002,16.3999996,
,,,16.8599987,16.6000004,
,,,16.8799992,16.6000004,
,,,16.8999996,16.3999996,
,,,16.9200001,16.6000004,
,,,16.9400005,16.6000004,
,,,16.9599991,16.6000004,
,,,16.9799995,16.3999996,
,,,17.0000000,16.3999996,
,,,17.0200005,16.6000004,
,,,17.0399990,16.6000004,
,,,17.0599995,16.6000004,
,,,17.0799999,16.3999996,
,,,17.1000004,16.6000004,
,,,17.1199989,16.6000004,
,,,17.1399994,16.6000004,
,,,17.1599998,16.6000004,
,,,17.1800003,16.6000004,
,,,17.1999989,16.6000004,
,,,17.2199993,16.8000011,
,,,17.2399998,16.6000004,
,,,17.2600002,16.6000004,
,,,17.2799988,16.8000011,
,,,17.2999992,16.6000004,
,,,17.3199997,16.6000004,
,,,17.3400002,16.6000004,
,,,17.3599987,16.6000004,
,,,17.3799992,16.6000004,
,,,17.3999996,16.6000004,
,,,17.4200001,16.6000004,
,,,17.4400005,16.6000004,
,,,17.4599991,16.6000004,
,,,17.4799995,16.6000004,
,,,17.5000000,16.6000004,
,,,17.5200005,16.8000011,
,,,17.5399990,16.6000004,
,,,17.5599995,16.6000004,
,,,17.5799999,16.6000004,
,,,17.6000004,16.3999996,
,,,17.6199989,16.6000004,
,,,17.6399994,16.6000004,
,,,17.6599998,16.8000011,
,,,17.6800003,16.6000004,
,,,17.6999989,16.6000004,
,,,17.7199993,16.6000004,
,,,17.7399998,16.6000004,
,,,17.7600002,16.6000004,
,,,17.7799988,16.6000004,
,,,17.7999992,16.6000004,
,,,17.8199997,16.6000004,
,,,17.8400002,16.3999996,
,,,17.8599987,16.3999996,
,,,17.8799992,16.3999996,
,,,17.8999996,16.2000008,
,,,17.9200001,16.6000004,
,,,17.9400005,16.3999996,
,,,17.9599991,16.3999996,
,,,17.9799995,16.3999996,
,,,18.0000000,16.3999996,
,,,18.0200005,16.6000004,
,,,18.0399990,16.3999996,
,,,18.0599995,16.3999996,
,,,18.0799999,16.3999996,
,,,18.1000004,16.6000004,
,,,18.1199989,16.3999996,
,,,18.1399994,16.6000004,
,,,18.1599998,16.6000004,
,,,18.1800003,16.6000004,
,,,18.1999989,16.3999996,
,,,18.2199993,16.6000004,
,,,18.2399998,16.3999996,
,,,18.2600002,16.6000004,
,,,18.2799988,16.6000004,
,,,18.2999992,16.3999996,
,,,18.3199997,16.3999996,
,,,18.3400002,16.6000004,
,,,18.3599987,16.6000004,
,,,18.3799992,16.6000004,
,,,18.3999996,16.3999996,
,,,18.4200001,16.3999996,
,,,18.4400005,16.6000004,
,,,18.4599991,16.6000004,
,,,18.4799995,16.6000004,
,,,18.5000000,16.6000004,
,,,18.5200005,16.8000011,
,,,18.5399990,16.3999996,
,,,18.5599995,16.6000004,
,,,18.5799999,16.3999996,
,,,18.6000004,16.6000004,
,,,18.6199989,16.3999996,
,,,18.6399994,16.6000004,
,,,18.6599998,16.6000004,
,,,18.6800003,16.6000004,
,,,18.6999989,16.6000004,
,,,18.7199993,16.3999996,
,,,18.7399998,16.6000004,
,,,18.7600002,16.6000004,
,,,18.7799988,16.6000004,
,,,18.7999992,16.6000004,
,,,18.8199997,16.6000004,
,,,18.8400002,16.6000004,
,,,18.8599987,16.6000004,
,,,18.8799992,16.6000004,
,,,18.8999996,16.6000004,
,,,18.9200001,16.6000004,
,,,18.9399986,16.6000004,
,,,18.9599991,16.6000004,
,,,18.9799995,16.3999996,
,,,19.0000000,16.3999996,
,,,19.0200005,16.6000004,
,,,19.0399990,16.6000004,
,,,19.0599995,16.6000004,
,,,19.0799999,16.6000004,
,,,19.1000004,16.6000004,
,,,19.1199989,16.6000004,
,,,19.1399994,16.6000004,
,,,19.1599998,16.6000004,
,,,19.1800003,16.6000004,
,,,19.1999989,16.6000004,
,,,19.2199993,16.3999996,
,,,19.2399998,16.6000004,
,,,19.2600002,16.6000004,
,,,19.2799988,16.6000004,
,,,19.2999992,16.6000004,
,,,19.3199997,16.6000004,
,,,19.3400002,16.6000004,
,,,19.3599987,16.6000004,
,,,19.3799992,16.2000008,
,,,19.3999996,16.6000004,
,,,19.4200001,16.3999996,
,,,19.4399986,16.6000004,
,,,19.4599991,16.6000004,
,,,19.4799995,16.6000004,
,,,19.5000000,16.6000004,
,,,19.5200005,16.3999996,
,,,19.5399990,16.6000004,
,,,19.5599995,16.3999996,
,,,19.5799999,16.3999996,
,,,19.6000004,16.6000004,
,,,19.6199989,16.6000004,
,,,19.6399994,16.6000004,
,,,19.6599998,16.6000004,
,,,19.6800003,16.6000004,
,,,19.6999989,16.3999996,
,,,19.7199993,16.6000004,
,,,19.7399998,16.6000004,
,,,19.7600002,16.6000004,
,,,19.7799988,16.6000004,
,,,19.7999992,16.6000004,
,,,19.8199997,16.3999996,
,,,19.8400002,16.8000011,
,,,19.8599987,16.6000004,
,,,19.8799992,16.6000004,
,,,19.8999996,16.6000004,
,,,19.9200001,16.6000004,
,,,19.9399986,16.6000004,
,,,19.9599991,16.6000004,
,,,19.9799995,16.6000004,
,,,20.0000000,16.3999996,
,,,20.0200005,16.8000011,
,,,20.0399990,16.3999996,
,,,20.0599995,16.6000004,
,,,20.0799999,16.6000004,
,,,20.10000038,16.3999996,
,,,20.11999893,16.6000004,
,,,20.13999939,16.3999996,
,,,20.15999985,16.3999996,
,,,20.18000031,16.6000004,
,,,20.19999886,16.6000004,
,,,20.21999931,16.6000004,
,,,20.23999977,16.6000004,
,,,20.26000023,16.6000004,
,,,20.27999878,16.3999996,
,,,20.29999924,16.3999996,
,,,20.31999969,16.6000004,
,,,20.34000015,16.3999996,
,,,20.35999870,16.6000004,
,,,20.37999916,16.6000004,
,,,20.39999962,16.3999996,
,,,20.42000008,16.6000004,
,,,20.43999863,16.6000004,
,,,20.45999908,16.3999996,
,,,20.47999954,16.6000004,
,,,20.50000000,16.6000004,
,,,20.52000046,16.3999996,
,,,20.53999901,16.3999996,
,,,20.55999947,16.6000004,
,,,20.57999992,16.6000004,
,,,20.60000038,16.6000004,
,,,20.61999893,16.6000004,
,,,20.63999939,16.3999996,
,,,20.65999985,16.8000011,
,,,20.68000031,16.6000004,
,,,20.69999886,16.3999996,
,,,20.71999931,16.3999996,
,,,20.73999977,16.3999996,
,,,20.76000023,16.6000004,
,,,20.77999878,16.6000004,
,,,20.79999924,16.6000004,
,,,20.81999969,16.3999996,
,,,20.84000015,16.6000004,
,,,20.85999870,16.6000004,
,,,20.87999916,16.6000004,
,,,20.89999962,16.3999996,
,,,20.92000008,16.6000004,
,,,20.93999863,16.6000004,
,,,20.95999908,16.6000004,
,,,20.97999954,16.6000004,
,,,21.00000000,16.6000004,
,,,21.02000046,16.6000004,
,,,21.03999901,16.6000004,
,,,21.05999947,16.8000011,
,,,21.07999992,16.6000004,
,,,21.10000038,16.6000004,
,,,21.11999893,16.6000004,
,,,21.13999939,16.3999996,
,,,21.15999985,16.6000004,
,,,21.18000031,16.6000004,
,,,21.19999886,16.3999996,
,,,21.21999931,16.3999996,
,,,21.23999977,16.6000004,
,,,21.26000023,16.3999996,
,,,21.27999878,16.3999996,
,,,21.29999924,16.6000004,
,,,21.31999969,16.3999996,
,,,21.34000015,16.6000004,
,,,21.35999870,16.6000004,
,,,21.37999916,16.6000004,
,,,21.39999962,16.3999996,
,,,21.42000008,16.6000004,
,,,21.43999863,16.6000004,
,,,21.45999908,16.6000004,
,,,21.47999954,16.6000004,
,,,21.50000000,16.3999996,
,,,21.52000046,16.3999996,
,,,21.53999901,16.6000004,
,,,21.55999947,16.6000004,
,,,21.57999992,16.3999996,
,,,21.60000038,16.6000004,
,,,21.61999893,16.6000004,
,,,21.63999939,16.6000004,
,,,21.65999985,16.6000004,
,,,21.68000031,16.6000004,
,,,21.69999886,16.6000004,
,,,21.71999931,16.3999996,
,,,21.73999977,16.6000004,
,,,21.76000023,16.6000004,
,,,21.77999878,16.6000004,
,,,21.79999924,16.6000004,
,,,21.81999969,16.6000004,
,,,21.84000015,16.6000004,
,,,21.85999870,16.6000004,
,,,21.87999916,16.3999996,
,,,21.89999962,16.6000004,
,,,21.92000008,16.3999996,
,,,21.93999863,16.6000004,
,,,21.95999908,16.3999996,
,,,21.97999954,16.8000011,
,,,22.00000000,16.6000004,
,,,22.02000046,16.3999996,
,,,22.03999901,16.6000004,
,,,22.05999947,16.3999996,
,,,22.07999992,16.6000004,
,,,22.10000038,16.3999996,
,,,22.11999893,16.6000004,
,,,22.13999939,16.6000004,
,,,22.15999985,16.6000004,
,,,22.18000031,16.6000004,
,,,22.19999886,16.6000004,
,,,22.21999931,16.6000004,
,,,22.23999977,16.6000004,
,,,22.26000023,16.6000004,
,,,22.27999878,16.6000004,
,,,22.29999924,16.6000004,
,,,22.31999969,16.6000004,
,,,22.34000015,16.6000004,
,,,22.35999870,16.3999996,
,,,22.37999916,16.3999996,
,,,22.39999962,16.6000004,
,,,22.42000008,16.3999996,
,,,22.43999863,16.6000004,
,,,22.45999908,16.6000004,
,,,22.47999954,16.6000004,
,,,22.50000000,16.6000004,
,,,22.51999855,16.6000004,
,,,22.53999901,16.6000004,
,,,22.55999947,16.6000004,
,,,22.57999992,16.3999996,
,,,22.60000038,16.6000004,
,,,22.61999893,16.6000004,
,,,22.63999939,16.6000004,
,,,22.65999985,16.6000004,
,,,22.68000031,16.6000004,
,,,22.69999886,16.6000004,
,,,22.71999931,16.6000004,
,,,22.73999977,16.6000004,
,,,22.76000023,16.6000004,
,,,22.77999878,16.3999996,
,,,22.79999924,16.6000004,
,,,22.81999969,16.6000004,
,,,22.84000015,16.6000004,
,,,22.85999870,16.6000004,
,,,22.87999916,16.6000004,
,,,22.89999962,16.3999996,
,,,22.92000008,16.6000004,
,,,22.93999863,16.6000004,
,,,22.95999908,16.6000004,
,,,22.97999954,16.6000004,
,,,23.00000000,16.6000004,
,,,23.01999855,16.6000004,
,,,23.03999901,16.3999996,
,,,23.05999947,16.6000004,
,,,23.07999992,16.6000004,
,,,23.10000038,16.6000004,
,,,23.11999893,16.6000004,
,,,23.13999939,16.6000004,
,,,23.15999985,16.3999996,
,,,23.18000031,16.6000004,
,,,23.19999886,16.6000004,
,,,23.21999931,16.6000004,
,,,23.23999977,16.3999996,
,,,23.26000023,16.8000011,
,,,23.27999878,16.6000004,
,,,23.29999924,16.6000004,
,,,23.31999969,16.6000004,
,,,23.34000015,16.6000004,
,,,23.35999870,16.6000004,
,,,23.37999916,16.6000004,
,,,23.39999962,16.6000004,
,,,23.42000008,16.6000004,
,,,23.43999863,16.6000004,
,,,23.45999908,16.6000004,
,,,23.47999954,16.6000004,
,,,23.50000000,16.6000004,
,,,23.51999855,16.6000004,
,,,23.53999901,16.6000004,
,,,23.55999947,16.3999996,
,,,23.57999992,16.6000004,
,,,23.60000038,16.3999996,
,,,23.61999893,16.6000004,
,,,23.63999939,16.6000004,
,,,23.65999985,16.6000004,
,,,23.68000031,16.6000004,
,,,23.69999886,16.3999996,
,,,23.71999931,16.6000004,
,,,23.73999977,16.3999996,
,,,23.76000023,16.3999996,
,,,23.77999878,16.6000004,
,,,23.79999924,16.3999996,
,,,23.81999969,16.6000004,
,,,23.84000015,16.6000004,
,,,23.85999870,16.6000004,
,,,23.87999916,16.6000004,
,,,23.89999962,16.6000004,
,,,23.92000008,16.6000004,
,,,23.93999863,16.6000004,
,,,23.95999908,16.2000008,
,,,23.97999954,16.6000004,
,,,24.00000000,16.6000004,
,,,24.01999855,16.8000011,
,,,24.03999901,16.6000004,
,,,24.05999947,16.6000004,
,,,24.07999992,16.6000004,
,,,24.10000038,16.6000004,
,,,24.11999893,16.6000004,
,,,24.13999939,16.6000004,
,,,24.15999985,16.6000004,
,,,24.18000031,16.3999996,
,,,24.19999886,16.6000004,
,,,24.21999931,16.6000004,
,,,24.23999977,16.6000004,
,,,24.26000023,16.6000004,
,,,24.27999878,16.6000004,
,,,24.29999924,16.6000004,
,,,24.31999969,16.6000004,
,,,24.34000015,16.6000004,
,,,24.35999870,16.3999996,
,,,24.37999916,16.6000004,
,,,24.39999962,16.6000004,
,,,24.42000008,16.3999996,
,,,24.43999863,16.6000004,
,,,24.45999908,16.6000004,
,,,24.47999954,16.8000011,
,,,24.50000000,16.3999996,
,,,24.51999855,16.6000004,
,,,24.53999901,16.3999996,
,,,24.55999947,16.6000004,
,,,24.57999992,16.3999996,
,,,24.60000038,16.3999996,
,,,24.61999893,16.6000004,
,,,24.63999939,16.3999996,
,,,24.65999985,16.6000004,
,,,24.68000031,16.6000004,
,,,24.69999886,16.6000004,
,,,24.71999931,16.6000004,
,,,24.73999977,16.6000004,
,,,24.76000023,16.6000004,
,,,24.77999878,16.3999996,
,,,24.79999924,16.6000004,
,,,24.81999969,16.3999996,
,,,24.84000015,16.6000004,
,,,24.85999870,16.3999996,
,,,24.87999916,16.3999996,
,,,24.89999962,16.6000004,
,,,24.92000008,16.3999996,
,,,24.93999863,16.6000004,
,,,24.95999908,16.6000004,
,,,24.97999954,16.6000004,
,,,25.00000000,16.3999996,
,,,25.01999855,16.3999996,
,,,25.03999901,16.6000004,
,,,25.05999947,16.6000004,
,,,25.07999992,16.6000004,
,,,25.10000038,16.6000004,
,,,25.11999893,16.6000004,
,,,25.13999939,16.6000004,
,,,25.15999985,16.6000004,
,,,25.18000031,16.3999996,
,,,25.19999886,16.6000004,
,,,25.21999931,16.6000004,
,,,25.23999977,16.6000004,
,,,25.26000023,16.6000004,
,,,25.27999878,16.3999996,
,,,25.29999924,16.6000004,
,,,25.31999969,16.3999996,
,,,25.34000015,16.6000004,
,,,25.35999870,16.6000004,
,,,25.37999916,16.6000004,
,,,25.39999962,16.6000004,
,,,25.42000008,16.3999996,
,,,25.43999863,16.6000004,
,,,25.45999908,16.6000004,
,,,25.47999954,16.6000004,
,,,25.50000000,16.3999996,
,,,25.51999855,16.6000004,
,,,25.53999901,16.6000004,
,,,25.55999947,16.3999996,
,,,25.57999992,16.6000004,
,,,25.59999847,16.6000004,
,,,25.61999893,16.6000004,
,,,25.63999939,16.6000004,
,,,25.65999985,16.3999996,
,,,25.68000031,16.3999996,
,,,25.69999886,16.6000004,
,,,25.71999931,16.6000004,
,,,25.73999977,16.6000004,
,,,25.76000023,16.6000004,
,,,25.77999878,16.6000004,
,,,25.79999924,16.6000004,
,,,25.81999969,16.6000004,
,,,25.84000015,16.3999996,
,,,25.85999870,16.3999996,
,,,25.87999916,16.6000004,
,,,25.89999962,16.6000004,
,,,25.92000008,16.6000004,
,,,25.93999863,16.6000004,
,,,25.95999908,16.6000004,
,,,25.97999954,16.6000004,
,,,26.00000000,16.6000004,
,,,26.01999855,16.3999996,
,,,26.03999901,16.6000004,
,,,26.05999947,16.6000004,
,,,26.07999992,16.3999996,
,,,26.09999847,16.6000004,
,,,26.11999893,16.6000004,
,,,26.13999939,16.6000004,
,,,26.15999985,16.6000004,
,,,26.18000031,16.6000004,
,,,26.19999886,16.6000004,
,,,26.21999931,16.3999996,
,,,26.23999977,16.6000004,
,,,26.26000023,16.6000004,
,,,26.27999878,16.6000004,
,,,26.29999924,16.6000004,
,,,26.31999969,16.6000004,
,,,26.34000015,16.6000004,
,,,26.35999870,16.6000004,
,,,26.37999916,16.6000004,
,,,26.39999962,16.6000004,
,,,26.42000008,16.6000004,
,,,26.43999863,16.6000004,
,,,26.45999908,16.3999996,
,,,26.47999954,16.6000004,
,,,26.50000000,16.3999996,
,,,26.51999855,16.6000004,
,,,26.53999901,16.6000004,
,,,26.55999947,16.6000004,
,,,26.57999992,16.3999996,
,,,26.59999847,16.3999996,
,,,26.61999893,16.3999996,
,,,26.63999939,16.6000004,
,,,26.65999985,16.6000004,
,,,26.68000031,16.6000004,
,,,26.69999886,16.8000011,
,,,26.71999931,16.6000004,
,,,26.73999977,16.6000004,
,,,26.76000023,16.6000004,
,,,26.77999878,16.6000004,
,,,26.79999924,16.6000004,
,,,26.81999969,16.8000011,
,,,26.84000015,16.6000004,
,,,26.85999870,16.3999996,
,,,26.87999916,16.6000004,
,,,26.89999962,16.6000004,
,,,26.92000008,16.6000004,
,,,26.93999863,16.6000004,
,,,26.95999908,16.6000004,
,,,26.97999954,16.6000004,
,,,27.00000000,16.3999996,
,,,27.01999855,16.6000004,
,,,27.03999901,16.6000004,
,,,27.05999947,16.3999996,
,,,27.07999992,16.6000004,
,,,27.09999847,16.3999996,
,,,27.11999893,16.6000004,
,,,27.13999939,16.6000004,
,,,27.15999985,16.6000004,
,,,27.18000031,16.6000004,
,,,27.19999886,16.3999996,
,,,27.21999931,16.3999996,
,,,27.23999977,16.6000004,
,,,27.26000023,16.3999996,
,,,27.27999878,16.6000004,
,,,27.29999924,16.6000004,
,,,27.31999969,16.6000004,
,,,27.34000015,16.3999996,
,,,27.35999870,16.3999996,
,,,27.37999916,16.3999996,
,,,27.39999962,16.6000004,
,,,27.42000008,16.6000004,
,,,27.43999863,16.6000004,
,,,27.45999908,16.3999996,
,,,27.47999954,16.3999996,
,,,27.50000000,16.3999996,
,,,27.51999855,16.6000004,
,,,27.53999901,16.6000004,
,,,27.55999947,16.6000004,
,,,27.57999992,16.6000004,
,,,27.59999847,16.6000004,
,,,27.61999893,16.6000004,
,,,27.63999939,16.6000004,
,,,27.65999985,16.3999996,
,,,27.68000031,16.6000004,
,,,27.69999886,16.3999996,
,,,27.71999931,16.6000004,
,,,27.73999977,16.6000004,
,,,27.76000023,16.6000004,
,,,27.77999878,16.3999996,
,,,27.79999924,16.6000004,
,,,27.81999969,16.3999996,
,,,27.84000015,16.6000004,
,,,27.85999870,16.3999996,
,,,27.87999916,16.3999996,
,,,27.89999962,16.6000004,
,,,27.92000008,16.6000004,
,,,27.93999863,16.6000004,
,,,27.95999908,16.6000004,
,,,27.97999954,16.6000004,
,,,28.00000000,16.6000004,
,,,28.01999855,16.6000004,
,,,28.03999901,16.6000004,
,,,28.05999947,16.6000004,
,,,28.07999992,16.6000004,
,,,28.09999847,16.6000004,
,,,28.11999893,16.3999996,
,,,28.13999939,16.6000004,
,,,28.15999985,16.6000004,
,,,28.18000031,16.3999996,
,,,28.19999886,16.3999996,
,,,28.21999931,16.6000004,
,,,28.23999977,16.6000004,
,,,28.26000023,16.6000004,
,,,28.27999878,16.3999996,
,,,28.29999924,16.6000004,
,,,28.31999969,16.3999996,
,,,28.34000015,16.6000004,
,,,28.35999870,16.3999996,
,,,28.37999916,16.3999996,
,,,28.39999962,16.6000004,
,,,28.42000008,16.6000004,
,,,28.43999863,16.6000004,
,,,28.45999908,16.6000004,
,,,28.47999954,16.6000004,
,,,28.50000000,16.3999996,
,,,28.51999855,16.6000004,
,,,28.53999901,16.3999996,
,,,28.55999947,16.6000004,
,,,28.57999992,16.6000004,
,,,28.59999847,16.6000004,
,,,28.61999893,16.6000004,
,,,28.63999939,16.8000011,
,,,28.65999985,16.6000004,
,,,28.68000031,16.6000004,
,,,28.69999886,16.3999996,
,,,28.71999931,16.3999996,
,,,28.73999977,16.6000004,
,,,28.76000023,16.6000004,
,,,28.77999878,16.8000011,
,,,28.79999924,16.6000004,
,,,28.81999969,16.6000004,
,,,28.84000015,16.6000004,
,,,28.85999870,16.6000004,
,,,28.87999916,16.6000004,
,,,28.89999962,16.6000004,
,,,28.92000008,16.8000011,
,,,28.93999863,16.3999996,
,,,28.95999908,16.6000004,
,,,28.97999954,16.6000004,
,,,29.00000000,16.6000004,
,,,29.01999855,16.3999996,
,,,29.03999901,16.6000004,
,,,29.05999947,16.3999996,
,,,29.07999992,16.6000004,
,,,29.09999847,16.6000004,
,,,29.11999893,16.6000004,
,,,29.13999939,16.3999996,
,,,29.15999985,16.6000004,
,,,29.17999840,16.6000004,
,,,29.19999886,16.6000004,
,,,29.21999931,16.6000004,
,,,29.23999977,16.6000004,
,,,29.26000023,16.6000004,
,,,29.27999878,16.6000004,
,,,29.29999924,16.3999996,
,,,29.31999969,16.6000004,
,,,29.34000015,16.6000004,
,,,29.35999870,16.6000004,
,,,29.37999916,16.6000004,
,,,29.39999962,16.3999996,
,,,29.42000008,16.3999996,
,,,29.43999863,16.3999996,
,,,29.45999908,16.6000004,
,,,29.47999954,16.6000004,
,,,29.50000000,16.3999996,
,,,29.51999855,16.3999996,
,,,29.53999901,16.6000004,
,,,29.55999947,16.3999996,
,,,29.57999992,16.3999996,
,,,29.59999847,16.3999996,
,,,29.61999893,16.6000004,
,,,29.63999939,16.6000004,
,,,29.65999985,16.8000011,
,,,29.67999840,16.8000011,
,,,29.69999886,16.3999996,
,,,29.71999931,16.6000004,
,,,29.73999977,16.6000004,
,,,29.76000023,16.6000004,
,,,29.77999878,16.3999996,
,,,29.79999924,16.6000004,
,,,29.81999969,16.3999996,
,,,29.84000015,16.6000004,
,,,29.85999870,16.6000004,
,,,29.87999916,16.6000004,
,,,29.89999962,16.6000004,
,,,29.92000008,16.6000004,
,,,29.93999863,16.6000004,
,,,29.95999908,16.6000004,
,,,29.97999954,16.6000004,
,,,30.00000000,16.6000004,
,,,30.01999855,16.3999996,
,,,30.03999901,16.3999996,
,,,30.05999947,16.6000004,
,,,30.07999992,16.6000004,
,,,30.09999847,16.6000004,
,,,30.11999893,16.6000004,
,,,30.13999939,16.3999996,
,,,30.15999985,16.6000004,
,,,30.17999840,16.6000004,
,,,30.19999886,16.3999996,
,,,30.21999931,16.6000004,
,,,30.23999977,16.6000004,
,,,30.26000023,16.6000004,
,,,30.27999878,16.6000004,
,,,30.29999924,16.6000004,
,,,30.31999969,16.3999996,
,,,30.34000015,16.3999996,
,,,30.35999870,16.6000004,
,,,30.37999916,16.6000004,
,,,30.39999962,16.6000004,
,,,30.42000008,16.6000004,
,,,30.43999863,16.6000004,
,,,30.45999908,16.6000004,
,,,30.47999954,16.3999996,
,,,30.50000000,16.6000004,
,,,30.51999855,16.6000004,
,,,30.53999901,16.6000004,
,,,30.55999947,16.6000004,
,,,30.57999992,16.6000004,
,,,30.59999847,16.3999996,
,,,30.61999893,16.3999996,
,,,30.63999939,16.3999996,
,,,30.65999985,16.3999996,
,,,30.67999840,16.3999996,
,,,30.69999886,16.6000004,
,,,30.71999931,16.6000004,
,,,30.73999977,16.6000004,
,,,30.76000023,16.6000004,
,,,30.77999878,16.3999996,
,,,30.79999924,16.3999996,
,,,30.81999969,16.6000004,
,,,30.84000015,16.6000004,
,,,30.85999870,16.6000004,
,,,30.87999916,16.6000004,
,,,30.89999962,16.3999996,
,,,30.92000008,16.6000004,
,,,30.93999863,16.3999996,
,,,30.95999908,16.3999996,
,,,30.97999954,16.3999996,
,,,31.00000000,16.6000004,
,,,31.01999855,16.6000004,
,,,31.03999901,16.6000004,
,,,31.05999947,16.6000004,
,,,31.07999992,16.3999996,
,,,31.09999847,16.3999996,
,,,31.11999893,16.3999996,
,,,31.13999939,16.6000004,
,,,31.15999985,16.6000004,
,,,31.17999840,16.3999996,
,,,31.19999886,16.6000004,
,,,31.21999931,16.6000004,
,,,31.23999977,16.6000004,
,,,31.26000023,16.3999996,
,,,31.27999878,16.3999996,
,,,31.29999924,16.6000004,
,,,31.31999969,16.3999996,
,,,31.34000015,16.8000011,
,,,31.35999870,16.3999996,
,,,31.37999916,16.6000004,
,,,31.39999962,16.6000004,
,,,31.42000008,16.6000004,
,,,31.43999863,16.6000004,
,,,31.45999908,16.6000004,
,,,31.47999954,16.3999996,
,,,31.50000000,16.3999996,
,,,31.51999855,16.6000004,
,,,31.53999901,16.6000004,
,,,31.55999947,16.6000004,
,,,31.57999992,16.6000004,
,,,31.59999847,16.6000004,
,,,31.61999893,16.6000004,
,,,31.63999939,16.3999996,
,,,31.65999985,16.6000004,
,,,31.67999840,16.6000004,
,,,31.69999886,16.6000004,
,,,31.71999931,16.3999996,
,,,31.73999977,16.6000004,
,,,31.76000023,16.3999996,
,,,31.77999878,16.3999996,
,,,31.79999924,16.6000004,
,,,31.81999969,16.3999996,
,,,31.84000015,16.6000004,
,,,31.85999870,16.6000004,
,,,31.87999916,16.3999996,
,,,31.89999962,16.6000004,
,,,31.92000008,16.6000004,
,,,31.93999863,16.6000004,
,,,31.95999908,16.6000004,
,,,31.97999954,16.6000004,
,,,32.00000000,16.6000004,
,,,32.02000046,16.6000004,
,,,32.04000092,16.6000004,
,,,32.05999756,16.6000004,
,,,32.07999802,16.6000004,
,,,32.09999847,16.6000004,
,,,32.11999893,16.2000008,
,,,32.13999939,16.6000004,
,,,32.15999985,16.6000004,
,,,32.18000031,16.6000004,
,,,32.20000076,16.3999996,
,,,32.21999741,16.3999996,
,,,32.23999786,16.6000004,
,,,32.25999832,16.6000004,
,,,32.27999878,16.6000004,
,,,32.29999924,16.6000004,
,,,32.31999969,16.6000004,
,,,32.34000015,16.3999996,
,,,32.36000061,16.3999996,
,,,32.38000107,16.6000004,
,,,32.39999771,16.3999996,
,,,32.41999817,16.3999996,
,,,32.43999863,16.6000004,
,,,32.45999908,16.6000004,
,,,32.47999954,16.3999996,
,,,32.50000000,16.3999996,
,,,32.52000046,16.6000004,
,,,32.54000092,16.6000004,
,,,32.55999756,16.6000004,
,,,32.57999802,16.6000004,
,,,32.59999847,16.3999996,
,,,32.61999893,16.6000004,
,,,32.63999939,16.6000004,
,,,32.65999985,16.6000004,
,,,32.68000031,16.6000004,
,,,32.70000076,16.3999996,
,,,32.71999741,16.3999996,
,,,32.73999786,16.8000011,
,,,32.75999832,16.6000004,
,,,32.77999878,16.3999996,
,,,32.79999924,16.6000004,
,,,32.81999969,16.3999996,
,,,32.84000015,16.6000004,
,,,32.86000061,16.6000004,
,,,32.88000107,16.3999996,
,,,32.89999771,16.6000004,
,,,32.91999817,16.6000004,
,,,32.93999863,16.3999996,
,,,32.95999908,16.3999996,
,,,32.97999954,16.6000004,
,,,33.00000000,16.3999996,
,,,33.02000046,16.6000004,
,,,33.04000092,16.3999996,
,,,33.05999756,16.8000011,
,,,33.07999802,16.3999996,
,,,33.09999847,16.6000004,
,,,33.11999893,16.3999996,
,,,33.13999939,16.6000004,
,,,33.15999985,16.6000004,
,,,33.18000031,16.3999996,
,,,33.20000076,16.6000004,
,,,33.21999741,16.6000004,
,,,33.23999786,16.6000004,
,,,33.25999832,16.6000004,
,,,33.27999878,16.8000011,
,,,33.29999924,16.6000004,
,,,33.31999969,16.6000004,
,,,33.34000015,16.3999996,
,,,33.36000061,16.6000004,
,,,33.38000107,16.3999996,
,,,33.39999771,16.6000004,
,,,33.41999817,16.3999996,
,,,33.43999863,16.3999996,
,,,33.45999908,16.3999996,
,,,33.47999954,16.6000004,
,,,33.50000000,16.6000004,
,,,33.52000046,16.6000004,
,,,33.54000092,16.3999996,
,,,33.55999756,16.6000004,
,,,33.57999802,16.3999996,
,,,33.59999847,16.3999996,
,,,33.61999893,16.6000004,
,,,33.63999939,16.6000004,
,,,33.65999985,16.3999996,
,,,33.68000031,16.6000004,
,,,33.70000076,16.3999996,
,,,33.71999741,16.8000011,
,,,33.73999786,16.6000004,
,,,33.75999832,16.6000004,
,,,33.77999878,16.6000004,
,,,33.79999924,16.6000004,
,,,33.81999969,16.2000008,
,,,33.84000015,16.3999996,
,,,33.86000061,16.6000004,
,,,33.88000107,16.6000004,
,,,33.89999771,16.6000004,
,,,33.91999817,16.6000004,
,,,33.93999863,16.3999996,
,,,33.95999908,16.6000004,
,,,33.97999954,16.3999996,
,,,34.00000000,16.6000004,
,,,34.02000046,16.6000004,
,,,34.04000092,16.6000004,
,,,34.05999756,16.6000004,
,,,34.07999802,16.6000004,
,,,34.09999847,16.3999996,
,,,34.11999893,16.3999996,
,,,34.13999939,16.3999996,
,,,34.15999985,16.3999996,
,,,34.18000031,16.6000004,
,,,34.20000076,16.6000004,
,,,34.21999741,16.3999996,
,,,34.23999786,16.6000004,
,,,34.25999832,16.6000004,
,,,34.27999878,16.3999996,
,,,34.29999924,16.3999996,
,,,34.31999969,16.6000004,
,,,34.34000015,16.6000004,
,,,34.36000061,16.6000004,
,,,34.38000107,16.6000004,
,,,34.39999771,16.6000004,
,,,34.41999817,16.6000004,
,,,34.43999863,16.6000004,
,,,34.45999908,16.6000004,
,,,34.47999954,16.6000004,
,,,34.50000000,16.6000004,
,,,34.52000046,16.6000004,
,,,34.54000092,16.3999996,
,,,34.55999756,16.6000004,
,,,34.57999802,16.3999996,
,,,34.59999847,16.6000004,
,,,34.61999893,16.6000004,
,,,34.63999939,16.6000004,
,,,34.65999985,16.6000004,
,,,34.68000031,16.6000004,
,,,34.70000076,16.6000004,
,,,34.71999741,16.3999996,
,,,34.73999786,16.6000004,
,,,34.75999832,16.6000004,
,,,34.77999878,16.3999996,
,,,34.79999924,16.2000008,
,,,34.81999969,16.8000011,
,,,34.84000015,16.6000004,
,,,34.86000061,16.6000004,
,,,34.88000107,16.6000004,
,,,34.89999771,16.6000004,
,,,34.91999817,16.6000004,
,,,34.93999863,16.6000004,
,,,34.95999908,16.3999996,
,,,34.97999954,16.3999996,
,,,35.00000000,16.6000004,
,,,35.02000046,16.3999996,
,,,35.04000092,16.6000004,
,,,35.05999756,16.6000004,
,,,35.07999802,16.3999996,
,,,35.09999847,16.6000004,
,,,35.11999893,16.3999996,
,,,35.13999939,16.6000004,
,,,35.15999985,16.6000004,
,,,35.18000031,16.3999996,
,,,35.20000076,16.6000004,
,,,35.21999741,16.3999996,
,,,35.23999786,16.3999996,
,,,35.25999832,16.6000004,
,,,35.27999878,16.6000004,
,,,35.29999924,16.6000004,
,,,35.31999969,16.6000004,
,,,35.34000015,16.6000004,
,,,35.36000061,16.6000004,
,,,35.38000107,16.6000004,
,,,35.39999771,16.3999996,
,,,35.41999817,16.6000004,
,,,35.43999863,16.6000004,
,,,35.45999908,16.6000004,
,,,35.47999954,16.6000004,
,,,35.50000000,16.3999996,
,,,35.52000046,16.3999996,
,,,35.54000092,16.3999996,
,,,35.55999756,16.6000004,
,,,35.57999802,16.6000004,
,,,35.59999847,16.6000004,
,,,35.61999893,16.3999996,
,,,35.63999939,16.6000004,
,,,35.65999985,16.3999996,
,,,35.68000031,16.6000004,
,,,35.70000076,16.6000004,
,,,35.71999741,16.8000011,
,,,35.73999786,16.6000004,
,,,35.75999832,16.3999996,
,,,35.77999878,16.3999996,
,,,35.79999924,16.3999996,
,,,35.81999969,16.6000004,
,,,35.84000015,16.3999996,
,,,35.86000061,16.3999996,
,,,35.88000107,16.3999996,
,,,35.89999771,16.6000004,
,,,35.91999817,16.6000004,
,,,35.93999863,16.6000004,
,,,35.95999908,16.6000004,
,,,35.97999954,16.3999996,
,,,36.00000000,16.3999996,
,,,36.02000046,16.6000004,
,,,36.04000092,16.3999996,
,,,36.05999756,16.6000004,
,,,36.07999802,16.6000004,
,,,36.09999847,16.6000004,
,,,36.11999893,16.6000004,
,,,36.13999939,16.6000004,
,,,36.15999985,16.3999996,
,,,36.18000031,16.8000011,
,,,36.20000076,16.3999996,
,,,36.21999741,16.6000004,
,,,36.23999786,16.3999996,
,,,36.25999832,16.6000004,
,,,36.27999878,16.6000004,
,,,36.29999924,16.3999996,
,,,36.31999969,16.6000004,
,,,36.34000015,16.6000004,
,,,36.36000061,16.6000004,
,,,36.38000107,16.6000004,
,,,36.39999771,16.3999996,
,,,36.41999817,16.3999996,
,,,36.43999863,16.6000004,
,,,36.45999908,16.6000004,
,,,36.47999954,16.3999996,
,,,36.50000000,16.3999996,
,,,36.52000046,16.6000004,
,,,36.54000092,16.6000004,
,,,36.55999756,16.8000011,
,,,36.57999802,16.6000004,
,,,36.59999847,16.6000004,
,,,36.61999893,16.6000004,
,,,36.63999939,16.3999996,
,,,36.65999985,16.3999996,
,,,36.68000031,16.6000004,
,,,36.70000076,16.6000004,
,,,36.71999741,16.6000004,
,,,36.73999786,16.3999996,
,,,36.75999832,16.3999996,
,,,36.77999878,16.6000004,
,,,36.79999924,16.3999996,
,,,36.81999969,16.3999996,
,,,36.84000015,16.6000004,
,,,36.86000061,16.3999996,
,,,36.88000107,16.6000004,
,,,36.89999771,16.6000004,
,,,36.91999817,16.6000004,
,,,36.93999863,16.6000004,
,,,36.95999908,16.6000004,
,,,36.97999954,16.6000004,
,,,37.00000000,16.6000004,
,,,37.02000046,16.3999996,
,,,37.04000092,16.6000004,
,,,37.05999756,16.6000004,
,,,37.07999802,16.6000004,
,,,37.09999847,16.3999996,
,,,37.11999893,16.6000004,
,,,37.13999939,16.6000004,
,,,37.15999985,16.6000004,
,,,37.18000031,16.3999996,
,,,37.20000076,16.6000004,
,,,37.21999741,16.3999996,
,,,37.23999786,16.8000011,
,,,37.25999832,16.3999996,
,,,37.27999878,16.6000004,
,,,37.29999924,16.6000004,
,,,37.31999969,16.6000004,
,,,37.34000015,16.6000004,
,,,37.36000061,16.3999996,
,,,37.38000107,16.6000004,
,,,37.39999771,16.3999996,
,,,37.41999817,16.6000004,
,,,37.43999863,16.6000004,
,,,37.45999908,16.3999996,
,,,37.47999954,16.6000004,
,,,37.50000000,16.6000004,
,,,37.52000046,16.3999996,
,,,37.54000092,16.6000004,
,,,37.55999756,16.6000004,
,,,37.57999802,16.3999996,
,,,37.59999847,16.3999996,
,,,37.61999893,16.6000004,
,,,37.63999939,16.6000004,
,,,37.65999985,16.6000004,
,,,37.68000031,16.6000004,
,,,37.70000076,16.3999996,
,,,37.71999741,16.6000004,
,,,37.73999786,16.6000004,
,,,37.75999832,16.6000004,
,,,37.77999878,16.3999996,
,,,37.79999924,16.6000004,
,,,37.81999969,16.3999996,
,,,37.84000015,16.3999996,
,,,37.86000061,16.6000004,
,,,37.87999725,16.6000004,
,,,37.89999771,16.6000004,
,,,37.91999817,16.3999996,
,,,37.93999863,16.6000004,
,,,37.95999908,16.6000004,
,,,37.97999954,16.6000004,
,,,38.00000000,16.6000004,
,,,38.02000046,16.3999996,
,,,38.04000092,16.6000004,
,,,38.05999756,16.6000004,
,,,38.07999802,16.6000004,
,,,38.09999847,16.3999996,
,,,38.11999893,16.3999996,
,,,38.13999939,16.6000004,
,,,38.15999985,16.6000004,
,,,38.18000031,16.6000004,
,,,38.20000076,16.6000004,
,,,38.21999741,16.6000004,
,,,38.23999786,16.6000004,
,,,38.25999832,16.6000004,
,,,38.27999878,16.3999996,
,,,38.29999924,16.6000004,
,,,38.31999969,16.6000004,
,,,38.34000015,16.8000011,
,,,38.36000061,16.3999996,
,,,38.37999725,16.3999996,
,,,38.39999771,16.3999996,
,,,38.41999817,16.3999996,
,,,38.43999863,16.6000004,
,,,38.45999908,16.6000004,
,,,38.47999954,16.6000004,
,,,38.50000000,16.6000004,
,,,38.52000046,16.3999996,
,,,38.54000092,16.6000004,
,,,38.55999756,16.6000004,
,,,38.57999802,16.6000004,
,,,38.59999847,16.3999996,
,,,38.61999893,16.6000004,
,,,38.63999939,16.6000004,
,,,38.65999985,16.6000004,
,,,38.68000031,16.6000004,
,,,38.70000076,16.3999996,
,,,38.71999741,16.8000011,
,,,38.73999786,16.6000004,
,,,38.75999832,16.6000004,
,,,38.77999878,16.6000004,
,,,38.79999924,16.6000004,
,,,38.81999969,16.6000004,
,,,38.84000015,16.6000004,
,,,38.86000061,16.3999996,
,,,38.87999725,16.6000004,
,,,38.89999771,16.3999996,
,,,38.91999817,16.3999996,
,,,38.93999863,16.3999996,
,,,38.95999908,16.6000004,
,,,38.97999954,16.6000004,
,,,39.00000000,16.6000004,
,,,39.02000046,16.6000004,
,,,39.04000092,16.6000004,
,,,39.05999756,16.6000004,
,,,39.07999802,16.2000008,
,,,39.09999847,16.6000004,
,,,39.11999893,16.6000004,
,,,39.13999939,16.6000004,
,,,39.15999985,16.3999996,
,,,39.18000031,16.6000004,
,,,39.20000076,16.6000004,
,,,39.21999741,16.6000004,
,,,39.23999786,16.6000004,
,,,39.25999832,16.3999996,
,,,39.27999878,16.3999996,
,,,39.29999924,16.6000004,
,,,39.31999969,16.3999996,
,,,39.34000015,16.6000004,
,,,39.36000061,16.6000004,
,,,39.37999725,16.6000004,
,,,39.39999771,16.6000004,
,,,39.41999817,16.3999996,
,,,39.43999863,16.6000004,
,,,39.45999908,16.3999996,
,,,39.47999954,16.3999996,
,,,39.50000000,16.6000004,
,,,39.52000046,16.6000004,
,,,39.54000092,16.6000004,
,,,39.55999756,16.6000004,
,,,39.57999802,16.3999996,
,,,39.59999847,16.6000004,
,,,39.61999893,16.3999996,
,,,39.63999939,16.6000004,
,,,39.65999985,16.6000004,
,,,39.68000031,16.3999996,
,,,39.70000076,16.6000004,
,,,39.71999741,16.6000004,
,,,39.73999786,16.6000004,
,,,39.75999832,16.6000004,
,,,39.77999878,16.3999996,
,,,39.79999924,16.6000004,
,,,39.81999969,16.6000004,
,,,39.84000015,16.3999996,
,,,39.86000061,16.3999996,
,,,39.87999725,16.3999996,
,,,39.89999771,16.6000004,
,,,39.91999817,16.6000004,
,,,39.93999863,16.6000004,
,,,39.95999908,16.6000004,
,,,39.97999954,16.6000004,
,,,40.00000000,16.3999996,
,,,40.02000046,16.3999996,
,,,40.04000092,16.6000004,
,,,40.05999756,16.3999996,
,,,40.07999802,16.6000004,
,,,40.09999847,16.6000004,
,,,40.11999893,16.6000004,
,,,40.13999939,16.6000004,
,,,40.15999985,16.3999996,
,,,40.18000031,16.6000004,
,,,40.20000076,16.2000008,
,,,40.21999741,16.3999996,
,,,40.23999786,16.6000004,
,,,40.25999832,16.6000004,
,,,40.27999878,16.6000004,
,,,40.29999924,16.3999996,
,,,40.31999969,16.6000004,
,,,40.34000015,16.3999996,
,,,40.36000061,16.6000004,
,,,40.37999725,16.6000004,
,,,40.39999771,16.6000004,
,,,40.41999817,16.3999996,
,,,40.43999863,16.6000004,
,,,40.45999908,16.3999996,
,,,40.47999954,16.3999996,
,,,40.50000000,16.6000004,
,,,40.52000046,16.3999996,
,,,40.54000092,16.6000004,
,,,40.55999756,16.3999996,
,,,40.57999802,16.3999996,
,,,40.59999847,16.3999996,
,,,40.61999893,16.6000004,
,,,40.63999939,16.6000004,
,,,40.65999985,16.6000004,
,,,40.68000031,16.8000011,
,,,40.70000076,16.6000004,
,,,40.71999741,16.6000004,
,,,40.73999786,16.6000004,
,,,40.75999832,16.6000004,
,,,40.77999878,16.3999996,
,,,40.79999924,16.3999996,
,,,40.81999969,16.6000004,
,,,40.84000015,16.6000004,
,,,40.86000061,16.6000004,
,,,40.87999725,16.6000004,
,,,40.89999771,16.6000004,
,,,40.91999817,16.6000004,
,,,40.93999863,16.6000004,
,,,40.95999908,16.6000004,
,,,40.97999954,16.6000004,
,,,41.00000000,16.6000004,
,,,41.02000046,16.6000004,
,,,41.04000092,16.6000004,
,,,41.05999756,16.3999996,
,,,41.07999802,16.6000004,
,,,41.09999847,16.6000004,
,,,41.11999893,16.3999996,
,,,41.13999939,16.6000004,
,,,41.15999985,16.6000004,
,,,41.18000031,16.6000004,
,,,41.20000076,16.6000004,
,,,41.21999741,16.3999996,
,,,41.23999786,16.6000004,
,,,41.25999832,16.6000004,
,,,41.27999878,16.3999996,
,,,41.29999924,16.6000004,
,,,41.31999969,16.6000004,
,,,41.34000015,16.6000004,
,,,41.36000061,16.6000004,
,,,41.37999725,16.6000004,
,,,41.39999771,16.3999996,
,,,41.41999817,16.6000004,
,,,41.43999863,16.6000004,
,,,41.45999908,16.3999996,
,,,41.47999954,16.6000004,
,,,41.50000000,16.6000004,
,,,41.52000046,16.3999996,
,,,41.54000092,16.6000004,
,,,41.55999756,16.6000004,
,,,41.57999802,16.3999996,
,,,41.59999847,16.6000004,
,,,41.61999893,16.3999996,
,,,41.63999939,16.6000004,
,,,41.65999985,16.6000004,
,,,41.68000031,16.3999996,
,,,41.70000076,16.6000004,
,,,41.71999741,16.6000004,
,,,41.73999786,16.6000004,
,,,41.75999832,16.3999996,
,,,41.77999878,16.6000004,
,,,41.79999924,16.3999996,
,,,41.81999969,16.3999996,
,,,41.84000015,16.6000004,
,,,41.86000061,16.6000004,
,,,41.87999725,16.6000004,
,,,41.89999771,16.6000004,
,,,41.91999817,16.6000004,
,,,41.93999863,16.6000004,
,,,41.95999908,16.3999996,
,,,41.97999954,16.6000004,
,,,42.00000000,16.6000004,
,,,42.02000046,16.3999996,
,,,42.04000092,16.6000004,
,,,42.05999756,16.3999996,
,,,42.07999802,16.6000004,
,,,42.09999847,16.3999996,
,,,42.11999893,16.6000004,
,,,42.13999939,16.3999996,
,,,42.15999985,16.6000004,
,,,42.18000031,16.6000004,
,,,42.20000076,16.6000004,
,,,42.21999741,16.6000004,
,,,42.23999786,16.3999996,
,,,42.25999832,16.6000004,
,,,42.27999878,16.6000004,
,,,42.29999924,16.3999996,
,,,42.31999969,16.6000004,
,,,42.34000015,16.6000004,
,,,42.36000061,16.6000004,
,,,42.37999725,16.6000004,
,,,42.39999771,16.3999996,
,,,42.41999817,16.6000004,
,,,42.43999863,16.6000004,
,,,42.45999908,16.6000004,
,,,42.47999954,16.6000004,
,,,42.50000000,16.6000004,
,,,42.52000046,16.6000004,
,,,42.54000092,16.6000004,
,,,42.55999756,16.3999996,
,,,42.57999802,16.6000004,
,,,42.59999847,16.6000004,
,,,42.61999893,16.6000004,
,,,42.63999939,16.6000004,
,,,42.65999985,16.6000004,
,,,42.68000031,16.6000004,
,,,42.70000076,16.6000004,
,,,42.71999741,16.6000004,
,,,42.73999786,16.6000004,
,,,42.75999832,16.3999996,
,,,42.77999878,16.3999996,
,,,42.79999924,16.6000004,
,,,42.81999969,16.6000004,
,,,42.84000015,16.6000004,
,,,42.86000061,16.6000004,
,,,42.87999725,16.6000004,
,,,42.89999771,16.6000004,
,,,42.91999817,16.6000004,
,,,42.93999863,16.6000004,
,,,42.95999908,16.3999996,
,,,42.97999954,16.3999996,
,,,43.00000000,16.3999996,
,,,43.02000046,16.3999996,
,,,43.04000092,16.6000004,
,,,43.05999756,16.6000004,
,,,43.07999802,16.6000004,
,,,43.09999847,16.6000004,
,,,43.11999893,16.6000004,
,,,43.13999939,16.6000004,
,,,43.15999985,16.6000004,
,,,43.18000031,16.6000004,
,,,43.20000076,16.6000004,
,,,43.21999741,16.6000004,
,,,43.23999786,16.6000004,
,,,43.25999832,16.6000004,
,,,43.27999878,16.6000004,
,,,43.29999924,16.3999996,
,,,43.31999969,16.3999996,
,,,43.34000015,16.3999996,
,,,43.36000061,16.6000004,
,,,43.37999725,16.6000004,
,,,43.39999771,16.6000004,
,,,43.41999817,16.3999996,
,,,43.43999863,16.6000004,
,,,43.45999908,16.3999996,
,,,43.47999954,16.3999996,
,,,43.50000000,16.3999996,
,,,43.52000046,16.6000004,
,,,43.54000092,-12.4000006,
,,,43.55999756,-12.4000006,
,,,43.57999802,-12.4000006,
,,,43.59999847,-12.4000006,
,,,43.61999893,-12.4000006,
,,,43.63999939,-12.4000006,
,,,43.65999985,-12.4000006,
,,,43.68000031,-12.4000006,
,,,43.70000076,-12.4000006,
,,,43.71999741,-12.4000006,
,,,43.73999786,-12.4000006,
,,,43.75999832,-12.4000006,
,,,43.77999878,-12.4000006,
,,,43.79999924,-12.4000006,
,,,43.81999969,-12.4000006,
,,,43.84000015,-12.4000006,
,,,43.86000061,-12.4000006,
,,,43.87999725,-12.4000006,
,,,43.89999771,-12.4000006,
,,,43.91999817,-12.4000006,
,,,43.93999863,-12.4000006,
,,,43.95999908,-12.4000006,
,,,43.97999954,-12.4000006,
,,,44.00000000,-12.4000006,
,,,44.02000046,-12.4000006,
,,,44.04000092,-12.4000006,
,,,44.05999756,-12.4000006,
,,,44.07999802,-12.4000006,
,,,44.09999847,-12.4000006,
,,,44.11999893,-12.4000006,
,,,44.13999939,-12.4000006,
,,,44.15999985,-12.4000006,
,,,44.18000031,-12.4000006,
,,,44.20000076,-12.4000006,
,,,44.21999741,-12.4000006,
,,,44.23999786,-12.4000006,
,,,44.25999832,-12.4000006,
,,,44.27999878,-12.4000006,
,,,44.29999924,-12.4000006,
,,,44.31999969,-12.4000006,
,,,44.34000015,-12.4000006,
,,,44.36000061,-12.4000006,
,,,44.37999725,-12.4000006,
,,,44.39999771,-12.4000006,
,,,44.41999817,-12.4000006,
,,,44.43999863,-12.4000006,
,,,44.45999908,-12.4000006,
,,,44.47999954,-12.4000006,
,,,44.50000000,-12.4000006,
,,,44.52000046,-12.4000006,
,,,44.53999710,-12.4000006,
,,,44.55999756,-12.4000006,
,,,44.57999802,-12.4000006,
,,,44.59999847,-12.4000006,
,,,44.61999893,-12.4000006,
,,,44.63999939,-12.4000006,
,,,44.65999985,-12.4000006,
,,,44.68000031,-12.4000006,
,,,44.70000076,-12.4000006,
,,,44.71999741,-12.4000006,
,,,44.73999786,-12.4000006,
,,,44.75999832,-12.4000006,
,,,44.77999878,-12.4000006,
,,,44.79999924,-12.4000006,
,,,44.81999969,-12.4000006,
,,,44.84000015,-12.4000006,
,,,44.86000061,-12.4000006,
,,,44.87999725,-12.4000006,
,,,44.89999771,-12.4000006,
,,,44.91999817,-12.4000006,
,,,44.93999863,-12.4000006,
,,,44.95999908,-12.4000006,
,,,44.97999954,-12.4000006,
,,,45.00000000,-12.4000006,
,,,45.02000046,-12.4000006,
,,,45.03999710,-12.4000006,
,,,45.05999756,-12.4000006,
,,,45.07999802,-12.4000006,
,,,45.09999847,-12.4000006,
,,,45.11999893,-12.4000006,
,,,45.13999939,-12.4000006,
,,,45.15999985,-12.4000006,
,,,45.18000031,-12.4000006,
,,,45.20000076,-12.4000006,
,,,45.21999741,-12.4000006,
,,,45.23999786,-12.4000006,
,,,45.25999832,-12.4000006,
,,,45.27999878,-12.4000006,
,,,45.29999924,-12.4000006,
,,,45.31999969,-12.4000006,
,,,45.34000015,-12.4000006,
,,,45.36000061,-12.4000006,
,,,45.37999725,-12.4000006,
,,,45.39999771,-12.4000006,
,,,45.41999817,-12.4000006,
,,,45.43999863,-12.4000006,
,,,45.45999908,-12.4000006,
,,,45.47999954,-12.4000006,
,,,45.50000000,-12.4000006,
,,,45.52000046,-12.4000006,
,,,45.53999710,-12.4000006,
,,,45.55999756,-12.4000006,
,,,45.57999802,-12.4000006,
,,,45.59999847,-12.4000006,
,,,45.61999893,-12.4000006,
,,,45.63999939,-12.4000006,
,,,45.65999985,-12.4000006,
,,,45.68000031,-12.4000006,
,,,45.70000076,-12.4000006,
,,,45.71999741,-12.4000006,
,,,45.73999786,-12.4000006,
,,,45.75999832,-12.4000006,
,,,45.77999878,-12.4000006,
,,,45.79999924,-12.4000006,
,,,45.81999969,-12.4000006,
,,,45.84000015,-12.4000006,
,,,45.86000061,-12.4000006,
,,,45.87999725,-12.4000006,
,,,45.89999771,-12.4000006,
,,,45.91999817,-12.4000006,
,,,45.93999863,-12.4000006,
,,,45.95999908,-12.4000006,
,,,45.97999954,-12.4000006,
,,,46.00000000,-12.4000006,
,,,46.02000046,-12.4000006,
,,,46.03999710,-12.4000006,
,,,46.05999756,-12.4000006,
,,,46.07999802,-12.4000006,
,,,46.09999847,-12.4000006,
,,,46.11999893,-12.4000006,
,,,46.13999939,-12.4000006,
,,,46.15999985,-12.4000006,
,,,46.18000031,-12.4000006,
,,,46.20000076,-12.4000006,
,,,46.21999741,-12.4000006,
,,,46.23999786,-12.4000006,
,,,46.25999832,-12.4000006,
,,,46.27999878,-12.4000006,
,,,46.29999924,-12.4000006,
,,,46.31999969,-12.4000006,
,,,46.34000015,-12.4000006,
,,,46.36000061,-12.4000006,
,,,46.37999725,-12.4000006,
,,,46.39999771,-12.4000006,
,,,46.41999817,-12.4000006,
,,,46.43999863,-12.4000006,
,,,46.45999908,-12.4000006,
,,,46.47999954,-12.4000006,
,,,46.50000000,-12.4000006,
,,,46.52000046,-12.4000006,
,,,46.53999710,-12.4000006,
,,,46.55999756,-12.4000006,
,,,46.57999802,-12.4000006,
,,,46.59999847,-12.4000006,
,,,46.61999893,-12.4000006,
,,,46.63999939,-12.4000006,
,,,46.65999985,-12.4000006,
,,,46.68000031,-12.4000006,
,,,46.70000076,-12.4000006,
,,,46.71999741,-12.4000006,
,,,46.73999786,-12.4000006,
,,,46.75999832,-12.4000006,
,,,46.77999878,-12.4000006,
,,,46.79999924,-12.4000006,
,,,46.81999969,-12.4000006,
,,,46.84000015,-12.4000006,
,,,46.86000061,-12.4000006,
,,,46.87999725,-12.4000006,
,,,46.89999771,-12.4000006,
,,,46.91999817,-12.4000006,
,,,46.93999863,-12.4000006,
,,,46.95999908,-12.4000006,
,,,46.97999954,-12.4000006,
,,,47.00000000,-12.4000006,
,,,47.02000046,-12.4000006,
,,,47.03999710,-12.4000006,
,,,47.05999756,-12.4000006,
,,,47.07999802,-12.4000006,
,,,47.09999847,-12.4000006,
,,,47.11999893,-12.4000006,
,,,47.13999939,-12.4000006,
,,,47.15999985,-12.4000006,
,,,47.18000031,-12.4000006,
,,,47.20000076,-12.4000006,
,,,47.21999741,-12.4000006,
,,,47.23999786,-12.4000006,
,,,47.25999832,-12.4000006,
,,,47.27999878,-12.4000006,
,,,47.29999924,-12.4000006,
,,,47.31999969,-12.4000006,
,,,47.34000015,-12.4000006,
,,,47.36000061,-12.4000006,
,,,47.37999725,-12.4000006,
,,,47.39999771,-12.4000006,
,,,47.41999817,-12.4000006,
,,,47.43999863,-12.4000006,
,,,47.45999908,-12.4000006,
,,,47.47999954,-12.4000006,
,,,47.50000000,-12.4000006,
,,,47.52000046,-12.4000006,
,,,47.53999710,-12.4000006,
,,,47.55999756,-12.4000006,
,,,47.57999802,-12.4000006,
,,,47.59999847,-12.4000006,
,,,47.61999893,-12.4000006,
,,,47.63999939,-12.4000006,
,,,47.65999985,-12.4000006,
,,,47.68000031,-12.4000006,
,,,47.70000076,-12.4000006,
,,,47.71999741,-12.4000006,
,,,47.73999786,-12.4000006,
,,,47.75999832,-12.4000006,
,,,47.77999878,-12.4000006,
,,,47.79999924,-12.4000006,
,,,47.81999969,-12.4000006,
,,,47.84000015,-12.4000006,
,,,47.86000061,-12.4000006,
,,,47.87999725,-12.4000006,
,,,47.89999771,-12.4000006,
,,,47.91999817,-12.4000006,
,,,47.93999863,-12.4000006,
,,,47.95999908,-12.4000006,
,,,47.97999954,-12.4000006,
,,,48.00000000,-12.4000006,
,,,48.02000046,-12.4000006,
,,,48.03999710,-12.4000006,
,,,48.05999756,-12.4000006,
,,,48.07999802,-12.4000006,
,,,48.09999847,-12.4000006,
,,,48.11999893,-12.4000006,
,,,48.13999939,-12.4000006,
,,,48.15999985,-12.4000006,
,,,48.18000031,-12.4000006,
,,,48.20000076,-12.4000006,
,,,48.21999741,-12.4000006,
,,,48.23999786,-12.4000006,
,,,48.25999832,-12.4000006,
,,,48.27999878,-12.4000006,
,,,48.29999924,-12.4000006,
,,,48.31999969,-12.4000006,
,,,48.34000015,-12.4000006,
,,,48.36000061,-12.4000006,
,,,48.37999725,-12.4000006,
,,,48.39999771,-12.4000006,
,,,48.41999817,-12.4000006,
,,,48.43999863,-12.4000006,
,,,48.45999908,-12.4000006,
,,,48.47999954,-12.4000006,
,,,48.50000000,-12.4000006,
,,,48.52000046,-12.4000006,
,,,48.53999710,16.6000004,
,,,48.55999756,16.6000004,
,,,48.57999802,16.3999996,
,,,48.59999847,16.3999996,
,,,48.61999893,16.6000004,
,,,48.63999939,16.2000008,
,,,48.65999985,16.0000000,
,,,48.68000031,16.0000000,
,,,48.70000076,15.6000004,
,,,48.71999741,15.4000006,
,,,48.73999786,15.1999998,
,,,48.75999832,14.6000004,
,,,48.77999878,14.4000006,
,,,48.79999924,13.8000002,
,,,48.81999969,13.4000006,
,,,48.84000015,12.8000002,
,,,48.86000061,12.1999998,
,,,48.87999725,11.6000004,
,,,48.89999771,11.0000000,
,,,48.91999817,10.4000006,
,,,48.93999863,9.800000191,
,,,48.95999908,9.199999809,
,,,48.97999954,8.600000381,
,,,49.00000000,8.199999809,
,,,49.02000046,7.400000095,
,,,49.03999710,6.80000019,
,,,49.05999756,6.40000010,
,,,49.07999802,5.80000019,
,,,49.09999847,5.40000010,
,,,49.11999893,5.00000000,
,,,49.13999939,4.59999990,
,,,49.15999985,4.20000029,
,,,49.18000031,3.79999995,
,,,49.20000076,3.60000014,
,,,49.21999741,3.40000010,
,,,49.23999786,3.00000000,
,,,49.25999832,2.79999995,
,,,49.27999878,2.79999995,
,,,49.29999924,2.79999995,
,,,49.31999969,2.4000001,
,,,49.34000015,2.4000001,
,,,49.36000061,2.4000001,
,,,49.37999725,2.4000001,
,,,49.39999771,2.4000001,
,,,49.41999817,2.4000001,
,,,49.43999863,2.4000001,
,,,49.45999908,2.4000001,
,,,49.47999954,2.4000001,
,,,49.50000000,2.6000001,
,,,49.52000046,2.6000001,
,,,49.53999710,2.6000001,
,,,49.55999756,2.6000001,
,,,49.57999802,2.6000001,
,,,49.59999847,2.79999995,
,,,49.61999893,2.79999995,
,,,49.63999939,2.79999995,
,,,49.65999985,2.6000001,
,,,49.68000031,2.6000001,
,,,49.70000076,2.6000001,
,,,49.71999741,2.6000001,
,,,49.73999786,2.4000001,
,,,49.75999832,2.6000001,
,,,49.77999878,2.4000001,
,,,49.79999924,2.2000000,
,,,49.81999969,2.0000000,
,,,49.84000015,1.8000001,
,,,49.86000061,1.8000001,
,,,49.87999725,1.4000000,
,,,49.89999771,1.6000000,
,,,49.91999817,1.4000000,
,,,49.93999863,1.2000000,
,,,49.95999908,1.000000,
,,,49.97999954,800.000011921E-3,
