Record Length,2500,Points,0.0,16.8000011,
Sample Interval,19.9999996E-3,s,19.9999996E-3,16.6000004,
Trigger Point,0.0,Samples,39.99999911E-3,16.6000004,
,,,59.999998659E-3,16.6000004,
,,,79.999998212E-3,16.6000004,
,,,99.999994040E-3,16.6000004,
Source,CH1,,119.9999973E-3,16.6000004,
Vertical Units,Volts,,140.0000006E-3,16.6000004,
Vertical Scale,5.00000007,,159.99999642E-3,16.6000004,
Vertical Offset,0,,179.99999225E-3,16.6000004,
Horizontal Units,s,,199.99998808E-3,16.6000004,
Horizontal Scale,4.99999989,,219.99999881E-3,16.3999996,
Pt Fmt,Y,,239.99999464E-3,16.6000004,
Yzero,-2.6400000,,259.99999046E-3,16.6000004,
Probe Atten,10.0000000,,280.00000119E-3,16.3999996,
,,,299.99998212E-3,16.6000004,
Note,TBS 1102B-EDU - 6:07:01 p. m.   24/10/2025,,319.99999285E-3,16.6000004,
,,,340.00000358E-3,16.6000004,
,,,359.99998450E-3,16.6000004,
,,,379.99999523E-3,16.3999996,
,,,399.99997616E-3,16.6000004,
,,,419.999986887E-3,16.6000004,
,,,439.999997616E-3,16.3999996,
,,,459.999978542E-3,16.6000004,
,,,479.999989271E-3,16.6000004,
,,,500.000000000E-3,16.6000004,
,,,519.999980927E-3,16.6000004,
,,,539.999961853E-3,16.6000004,
,,,560.000002384E-3,16.6000004,
,,,579.999983311E-3,16.6000004,
,,,599.999964237E-3,16.6000004,
,,,620.000004768E-3,16.6000004,
,,,639.999985695E-3,16.8000011,
,,,659.999966621E-3,16.6000004,
,,,680.000007153E-3,16.6000004,
,,,699.999988079E-3,16.6000004,
,,,719.999969006E-3,16.6000004,
,,,740.000009537E-3,16.6000004,
,,,759.999990463E-3,16.6000004,
,,,779.999971390E-3,16.6000004,
,,,799.999952316E-3,16.6000004,
,,,819.999992847E-3,16.6000004,
,,,839.999973774E-3,16.6000004,
,,,859.999954700E-3,16.3999996,
,,,879.999995232E-3,16.6000004,
,,,899.999976158E-3,16.3999996,
,,,919.999957085E-3,16.3999996,
,,,939.999997616E-3,16.6000004,
,,,959.999978542E-3,16.3999996,
,,,979.999959469E-3,16.6000004,
,,,1.000000,16.6000004,
,,,1.0200000,16.3999996,
,,,1.0400000,16.6000004,
,,,1.0599999,16.6000004,
,,,1.0799999,16.6000004,
,,,1.1000000,16.6000004,
,,,1.1200000,16.6000004,
,,,1.1400000,16.6000004,
,,,1.1600000,16.3999996,
,,,1.1799999,16.6000004,
,,,1.1999999,16.6000004,
,,,1.2200000,16.3999996,
,,,1.2400000,16.6000004,
,,,1.2600000,16.3999996,
,,,1.2800000,16.6000004,
,,,1.3000000,16.6000004,
,,,1.3199999,16.3999996,
,,,1.3399999,16.3999996,
,,,1.3600000,16.6000004,
,,,1.3800000,16.3999996,
,,,1.4000000,16.6000004,
,,,1.4200000,16.6000004,
,,,1.4399999,16.6000004,
,,,1.4599999,16.3999996,
,,,1.4800000,16.8000011,
,,,1.5000000,16.6000004,
,,,1.5200000,16.6000004,
,,,1.5400000,16.6000004,
,,,1.5599999,16.6000004,
,,,1.5799999,16.6000004,
,,,1.5999999,16.6000004,
,,,1.6200000,16.6000004,
,,,1.6400000,16.3999996,
,,,1.6600000,16.6000004,
,,,1.6799999,16.6000004,
,,,1.6999999,16.6000004,
,,,1.7199999,16.3999996,
,,,1.7400000,16.6000004,
,,,1.7600000,16.6000004,
,,,1.7800000,16.6000004,
,,,1.8000000,16.3999996,
,,,1.8199999,16.6000004,
,,,1.8399999,16.6000004,
,,,1.8600000,16.3999996,
,,,1.8800000,16.6000004,
,,,1.9000000,16.3999996,
,,,1.9200000,16.6000004,
,,,1.9399999,16.6000004,
,,,1.9599999,16.6000004,
,,,1.9799999,16.6000004,
,,,2.0000000,16.6000004,
,,,2.0200000,16.8000011,
,,,2.0400000,16.6000004,
,,,2.0599999,16.6000004,
,,,2.0799999,16.6000004,
,,,2.0999999,16.6000004,
,,,2.1199999,16.3999996,
,,,2.1399999,16.6000004,
,,,2.1599998,16.6000004,
,,,2.1800001,16.6000004,
,,,2.2000000,16.3999996,
,,,2.2200000,16.6000004,
,,,2.2400000,16.6000004,
,,,2.2600000,16.3999996,
,,,2.2800000,16.3999996,
,,,2.3000000,16.3999996,
,,,2.3199999,16.3999996,
,,,2.3399999,16.6000004,
,,,2.3599999,16.6000004,
,,,2.3799999,16.6000004,
,,,2.3999999,16.6000004,
,,,2.4199998,16.6000004,
,,,2.4400001,16.3999996,
,,,2.4600000,16.6000004,
,,,2.4800000,16.6000004,
,,,2.5000000,16.3999996,
,,,2.5200000,16.3999996,
,,,2.5400000,16.6000004,
,,,2.5599999,16.6000004,
,,,2.5799999,16.3999996,
,,,2.5999999,16.6000004,
,,,2.6199999,16.3999996,
,,,2.6399999,16.3999996,
,,,2.6599998,16.6000004,
,,,2.6799998,16.3999996,
,,,2.7000000,16.6000004,
,,,2.72000003,16.6000004,
,,,2.74000001,16.6000004,
,,,2.75999999,16.6000004,
,,,2.77999997,16.6000004,
,,,2.79999995,16.6000004,
,,,2.81999993,16.6000004,
,,,2.83999991,16.3999996,
,,,2.85999990,16.3999996,
,,,2.87999988,16.6000004,
,,,2.89999986,16.3999996,
,,,2.91999984,16.6000004,
,,,2.93999982,16.6000004,
,,,2.96000004,16.6000004,
,,,2.98000002,16.6000004,
,,,3.00000000,16.6000004,
,,,3.01999998,16.6000004,
,,,3.03999996,16.3999996,
,,,3.05999994,16.3999996,
,,,3.07999992,16.6000004,
,,,3.09999990,16.3999996,
,,,3.11999989,16.3999996,
,,,3.13999987,16.6000004,
,,,3.15999985,16.6000004,
,,,3.17999983,16.6000004,
,,,3.19999981,16.3999996,
,,,3.22000003,16.3999996,
,,,3.24000001,16.6000004,
,,,3.25999999,16.6000004,
,,,3.27999997,16.6000004,
,,,3.29999995,16.3999996,
,,,3.31999993,16.6000004,
,,,3.33999991,16.3999996,
,,,3.35999990,16.6000004,
,,,3.37999988,16.6000004,
,,,3.39999986,16.3999996,
,,,3.41999984,16.6000004,
,,,3.43999982,16.6000004,
,,,3.46000004,16.6000004,
,,,3.48000002,16.3999996,
,,,3.50000000,16.6000004,
,,,3.51999998,16.6000004,
,,,3.53999996,16.3999996,
,,,3.55999994,16.6000004,
,,,3.57999992,16.6000004,
,,,3.59999990,16.3999996,
,,,3.61999989,16.3999996,
,,,3.63999987,16.6000004,
,,,3.65999985,16.6000004,
,,,3.67999983,16.6000004,
,,,3.69999981,16.3999996,
,,,3.72000003,16.6000004,
,,,3.74000001,16.6000004,
,,,3.75999999,16.3999996,
,,,3.77999997,16.6000004,
,,,3.79999995,16.3999996,
,,,3.81999993,16.6000004,
,,,3.83999991,16.6000004,
,,,3.85999990,16.6000004,
,,,3.87999988,16.6000004,
,,,3.89999986,16.3999996,
,,,3.91999984,16.6000004,
,,,3.93999982,16.6000004,
,,,3.95999980,16.6000004,
,,,3.98000002,16.6000004,
,,,4.00000000,16.2000008,
,,,4.01999998,16.6000004,
,,,4.03999996,16.8000011,
,,,4.05999994,16.3999996,
,,,4.07999992,16.6000004,
,,,4.09999990,16.6000004,
,,,4.11999989,16.3999996,
,,,4.13999987,16.6000004,
,,,4.15999985,16.6000004,
,,,4.17999983,16.6000004,
,,,4.19999981,16.6000004,
,,,4.21999979,16.3999996,
,,,4.23999977,16.6000004,
,,,4.25999975,16.6000004,
,,,4.27999973,16.6000004,
,,,4.29999971,16.6000004,
,,,4.31999969,16.6000004,
,,,4.33999968,16.6000004,
,,,4.36000013,16.6000004,
,,,4.38000011,16.6000004,
,,,4.40000010,16.6000004,
,,,4.42000008,16.3999996,
,,,4.44000006,16.8000011,
,,,4.46000004,16.6000004,
,,,4.48000002,16.3999996,
,,,4.50000000,16.6000004,
,,,4.51999998,16.6000004,
,,,4.53999996,16.6000004,
,,,4.55999994,16.3999996,
,,,4.57999992,16.6000004,
,,,4.59999990,16.6000004,
,,,4.61999989,16.6000004,
,,,4.63999987,16.6000004,
,,,4.65999985,16.3999996,
,,,4.67999983,16.3999996,
,,,4.69999981,16.6000004,
,,,4.71999979,16.6000004,
,,,4.73999977,16.6000004,
,,,4.75999975,16.6000004,
,,,4.77999973,16.3999996,
,,,4.79999971,16.6000004,
,,,4.81999969,16.8000011,
,,,4.83999968,16.6000004,
,,,4.85999966,16.6000004,
,,,4.88000011,16.3999996,
,,,4.90000010,16.6000004,
,,,4.92000008,16.6000004,
,,,4.94000006,16.6000004,
,,,4.96000004,16.3999996,
,,,4.98000002,16.3999996,
,,,5.00000000,16.6000004,
,,,5.01999998,16.6000004,
,,,5.03999996,16.3999996,
,,,5.05999994,16.6000004,
,,,5.07999992,16.6000004,
,,,5.09999990,16.6000004,
,,,5.11999989,16.6000004,
,,,5.13999987,16.8000011,
,,,5.15999985,16.6000004,
,,,5.17999983,16.6000004,
,,,5.19999981,16.3999996,
,,,5.21999979,16.3999996,
,,,5.23999977,16.6000004,
,,,5.25999975,16.6000004,
,,,5.27999973,16.6000004,
,,,5.29999971,16.6000004,
,,,5.31999969,16.3999996,
,,,5.33999968,16.6000004,
,,,5.35999966,16.6000004,
,,,5.38000011,16.6000004,
,,,5.40000010,16.3999996,
,,,5.42000008,16.3999996,
,,,5.44000006,16.6000004,
,,,5.46000004,16.6000004,
,,,5.48000002,16.6000004,
,,,5.50000000,16.6000004,
,,,5.51999998,16.6000004,
,,,5.53999996,16.6000004,
,,,5.55999994,16.8000011,
,,,5.57999992,16.6000004,
,,,5.59999990,16.3999996,
,,,5.61999989,16.6000004,
,,,5.63999987,16.6000004,
,,,5.65999985,16.6000004,
,,,5.67999983,16.6000004,
,,,5.69999981,16.6000004,
,,,5.71999979,16.6000004,
,,,5.73999977,16.6000004,
,,,5.75999975,16.6000004,
,,,5.77999973,16.8000011,
,,,5.79999971,16.6000004,
,,,5.81999969,16.3999996,
,,,5.83999968,16.6000004,
,,,5.85999966,16.6000004,
,,,5.87999964,16.6000004,
,,,5.90000010,16.3999996,
,,,5.92000008,16.6000004,
,,,5.94000006,16.6000004,
,,,5.96000004,16.6000004,
,,,5.98000002,16.6000004,
,,,6.00000000,16.6000004,
,,,6.01999998,16.3999996,
,,,6.03999996,16.6000004,
,,,6.05999994,16.3999996,
,,,6.07999992,16.6000004,
,,,6.09999990,16.6000004,
,,,6.11999989,16.6000004,
,,,6.13999987,16.6000004,
,,,6.15999985,16.6000004,
,,,6.17999983,16.6000004,
,,,6.19999981,16.3999996,
,,,6.21999979,16.6000004,
,,,6.23999977,16.6000004,
,,,6.25999975,16.6000004,
,,,6.27999973,16.6000004,
,,,6.29999971,16.6000004,
,,,6.31999969,16.3999996,
,,,6.33999968,16.6000004,
,,,6.35999966,16.6000004,
,,,6.37999964,16.3999996,
,,,6.39999962,16.3999996,
,,,6.42000008,16.6000004,
,,,6.44000006,16.6000004,
,,,6.46000004,16.6000004,
,,,6.48000002,16.3999996,
,,,6.50000000,16.6000004,
,,,6.51999998,16.8000011,
,,,6.53999996,16.3999996,
,,,6.55999994,16.6000004,
,,,6.57999992,16.6000004,
,,,6.59999990,16.6000004,
,,,6.61999989,16.6000004,
,,,6.63999987,16.6000004,
,,,6.65999985,16.3999996,
,,,6.67999983,16.6000004,
,,,6.69999981,16.6000004,
,,,6.71999979,16.6000004,
,,,6.73999977,16.6000004,
,,,6.75999975,16.6000004,
,,,6.77999973,16.6000004,
,,,6.79999971,16.6000004,
,,,6.81999969,16.6000004,
,,,6.83999968,16.6000004,
,,,6.85999966,16.6000004,
,,,6.87999964,16.6000004,
,,,6.89999962,16.6000004,
,,,6.92000008,16.6000004,
,,,6.94000006,16.6000004,
,,,6.96000004,16.6000004,
,,,6.98000002,16.6000004,
,,,7.00000000,16.3999996,
,,,7.01999998,16.6000004,
,,,7.03999996,16.6000004,
,,,7.05999994,16.3999996,
,,,7.07999992,16.3999996,
,,,7.09999990,16.6000004,
,,,7.11999989,16.6000004,
,,,7.13999987,16.3999996,
,,,7.15999985,16.6000004,
,,,7.17999983,16.6000004,
,,,7.19999981,16.6000004,
,,,7.21999979,16.6000004,
,,,7.23999977,16.6000004,
,,,7.25999975,16.6000004,
,,,7.27999973,16.3999996,
,,,7.29999971,16.3999996,
,,,7.31999969,16.6000004,
,,,7.33999968,16.6000004,
,,,7.35999966,16.6000004,
,,,7.37999964,16.6000004,
,,,7.399999619,16.3999996,
,,,7.419999599,16.6000004,
,,,7.440000057,16.6000004,
,,,7.460000038,16.3999996,
,,,7.480000019,16.6000004,
,,,7.500000000,16.6000004,
,,,7.519999981,16.6000004,
,,,7.539999962,16.3999996,
,,,7.559999943,16.6000004,
,,,7.579999924,16.3999996,
,,,7.599999905,16.6000004,
,,,7.619999886,16.8000011,
,,,7.639999866,16.6000004,
,,,7.659999847,16.6000004,
,,,7.679999828,16.3999996,
,,,7.699999809,16.6000004,
,,,7.719999790,16.3999996,
,,,7.739999771,16.6000004,
,,,7.759999752,16.6000004,
,,,7.779999733,16.3999996,
,,,7.799999714,16.6000004,
,,,7.819999695,16.6000004,
,,,7.839999676,16.6000004,
,,,7.859999657,16.3999996,
,,,7.879999638,16.3999996,
,,,7.899999619,16.3999996,
,,,7.919999599,16.6000004,
,,,7.940000057,16.3999996,
,,,7.960000038,16.6000004,
,,,7.980000019,16.3999996,
,,,8.000000000,16.3999996,
,,,8.019999504,16.6000004,
,,,8.039999962,16.3999996,
,,,8.059999466,16.6000004,
,,,8.079999924,16.6000004,
,,,8.099999428,16.6000004,
,,,8.119999886,16.6000004,
,,,8.139999390,16.6000004,
,,,8.159999847,16.6000004,
,,,8.179999352,16.3999996,
,,,8.199999809,16.6000004,
,,,8.220000267,16.6000004,
,,,8.239999771,16.3999996,
,,,8.260000229,16.6000004,
,,,8.279999733,16.6000004,
,,,8.300000191,16.6000004,
,,,8.319999695,16.6000004,
,,,8.340000153,16.6000004,
,,,8.359999657,16.6000004,
,,,8.380000114,16.6000004,
,,,8.399999619,16.3999996,
,,,8.420000076,16.6000004,
,,,8.439999580,16.3999996,
,,,8.460000038,16.6000004,
,,,8.479999542,16.6000004,
,,,8.500000000,16.3999996,
,,,8.519999504,16.6000004,
,,,8.539999962,16.6000004,
,,,8.559999466,16.3999996,
,,,8.579999924,16.6000004,
,,,8.599999428,16.6000004,
,,,8.619999886,16.3999996,
,,,8.639999390,16.6000004,
,,,8.659999847,16.6000004,
,,,8.679999352,16.6000004,
,,,8.699999809,16.6000004,
,,,8.720000267,16.6000004,
,,,8.739999771,16.6000004,
,,,8.760000229,16.6000004,
,,,8.779999733,16.6000004,
,,,8.800000191,16.2000008,
,,,8.819999695,16.3999996,
,,,8.840000153,16.6000004,
,,,8.859999657,16.6000004,
,,,8.880000114,16.6000004,
,,,8.899999619,16.3999996,
,,,8.920000076,16.6000004,
,,,8.939999580,16.6000004,
,,,8.960000038,16.6000004,
,,,8.979999542,16.6000004,
,,,9.000000000,16.6000004,
,,,9.019999504,16.6000004,
,,,9.039999962,16.6000004,
,,,9.059999466,16.3999996,
,,,9.079999924,16.6000004,
,,,9.099999428,16.3999996,
,,,9.119999886,16.6000004,
,,,9.139999390,16.3999996,
,,,9.159999847,16.6000004,
,,,9.179999352,16.3999996,
,,,9.199999809,16.3999996,
,,,9.220000267,16.6000004,
,,,9.239999771,16.6000004,
,,,9.260000229,16.3999996,
,,,9.279999733,16.3999996,
,,,9.300000191,16.3999996,
,,,9.319999695,16.6000004,
,,,9.340000153,16.6000004,
,,,9.359999657,16.6000004,
,,,9.380000114,16.6000004,
,,,9.399999619,16.6000004,
,,,9.420000076,16.6000004,
,,,9.439999580,16.6000004,
,,,9.460000038,16.3999996,
,,,9.479999542,16.3999996,
,,,9.500000000,16.6000004,
,,,9.519999504,16.6000004,
,,,9.539999962,16.6000004,
,,,9.559999466,16.3999996,
,,,9.579999924,16.6000004,
,,,9.599999428,16.6000004,
,,,9.619999886,16.6000004,
,,,9.639999390,16.6000004,
,,,9.659999847,16.3999996,
,,,9.679999352,16.3999996,
,,,9.699999809,16.3999996,
,,,9.719999313,16.6000004,
,,,9.739999771,16.6000004,
,,,9.760000229,16.6000004,
,,,9.779999733,16.3999996,
,,,9.800000191,16.3999996,
,,,9.819999695,16.6000004,
,,,9.840000153,16.6000004,
,,,9.859999657,16.3999996,
,,,9.880000114,16.6000004,
,,,9.899999619,16.6000004,
,,,9.920000076,16.8000011,
,,,9.939999580,16.3999996,
,,,9.960000038,16.6000004,
,,,9.979999542,16.6000004,
,,,10.0000000,16.6000004,
,,,10.0199995,16.6000004,
,,,10.0400000,16.6000004,
,,,10.0599995,16.3999996,
,,,10.0799999,16.6000004,
,,,10.0999994,16.6000004,
,,,10.1199999,16.6000004,
,,,10.1399994,16.6000004,
,,,10.1599998,16.6000004,
,,,10.1799994,16.3999996,
,,,10.1999998,16.3999996,
,,,10.2199993,16.3999996,
,,,10.2399998,16.6000004,
,,,10.2600002,16.6000004,
,,,10.2799997,16.6000004,
,,,10.3000002,16.3999996,
,,,10.3199997,16.6000004,
,,,10.3400002,16.6000004,
,,,10.3599997,16.6000004,
,,,10.3800001,16.6000004,
,,,10.3999996,16.6000004,
,,,10.4200001,16.6000004,
,,,10.4399996,16.6000004,
,,,10.4600000,16.3999996,
,,,10.4799995,16.3999996,
,,,10.5000000,16.6000004,
,,,10.5199995,16.6000004,
,,,10.5400000,16.6000004,
,,,10.5599995,16.6000004,
,,,10.5799999,16.6000004,
,,,10.5999994,16.3999996,
,,,10.6199999,16.3999996,
,,,10.6399994,16.6000004,
,,,10.6599998,16.6000004,
,,,10.6799994,16.6000004,
,,,10.6999998,16.6000004,
,,,10.7199993,16.3999996,
,,,10.7399998,16.6000004,
,,,10.7600002,16.6000004,
,,,10.7799997,16.3999996,
,,,10.8000002,16.6000004,
,,,10.8199997,16.3999996,
,,,10.8400002,16.6000004,
,,,10.8599997,16.6000004,
,,,10.8800001,16.6000004,
,,,10.8999996,16.3999996,
,,,10.9200001,16.6000004,
,,,10.9399996,16.3999996,
,,,10.9600000,16.6000004,
,,,10.9799995,16.6000004,
,,,11.0000000,16.3999996,
,,,11.0199995,16.3999996,
,,,11.0400000,16.6000004,
,,,11.0599995,16.6000004,
,,,11.0799999,16.3999996,
,,,11.0999994,16.6000004,
,,,11.1199999,16.6000004,
,,,11.1399994,16.6000004,
,,,11.1599998,16.2000008,
,,,11.1799994,16.3999996,
,,,11.1999998,16.2000008,
,,,11.2199993,16.6000004,
,,,11.2399998,16.3999996,
,,,11.2599993,16.6000004,
,,,11.2799997,16.6000004,
,,,11.3000002,16.6000004,
,,,11.3199997,16.6000004,
,,,11.3400002,16.3999996,
,,,11.3599997,16.3999996,
,,,11.3800001,16.2000008,
,,,11.3999996,16.6000004,
,,,11.4200001,16.6000004,
,,,11.4399996,16.6000004,
,,,11.4600000,16.6000004,
,,,11.4799995,16.2000008,
,,,11.5000000,16.3999996,
,,,11.5199995,16.6000004,
,,,11.5400000,16.3999996,
,,,11.5599995,16.6000004,
,,,11.5799999,16.6000004,
,,,11.5999994,16.3999996,
,,,11.6199999,16.6000004,
,,,11.6399994,16.8000011,
,,,11.6599998,16.6000004,
,,,11.6799994,16.6000004,
,,,11.6999998,16.8000011,
,,,11.7199993,16.6000004,
,,,11.7399998,16.6000004,
,,,11.7599993,16.8000011,
,,,11.7799997,16.6000004,
,,,11.8000002,16.3999996,
,,,11.8199997,16.6000004,
,,,11.8400002,16.6000004,
,,,11.8599997,16.6000004,
,,,11.8800001,16.8000011,
,,,11.8999996,16.3999996,
,,,11.9200001,16.6000004,
,,,11.9399996,16.6000004,
,,,11.9600000,16.6000004,
,,,11.9799995,16.6000004,
,,,12.0000000,16.6000004,
,,,12.0199995,16.6000004,
,,,12.0400000,16.6000004,
,,,12.0599995,16.6000004,
,,,12.0799999,16.3999996,
,,,12.0999994,16.3999996,
,,,12.1199999,16.6000004,
,,,12.1399994,16.3999996,
,,,12.1599998,16.3999996,
,,,12.1799994,16.6000004,
,,,12.1999998,16.6000004,
,,,12.2199993,16.3999996,
,,,12.2399998,16.6000004,
,,,12.2599993,16.6000004,
,,,12.2799997,16.3999996,
,,,12.3000002,16.6000004,
,,,12.3199997,16.2000008,
,,,12.3400002,16.6000004,
,,,12.3599997,16.3999996,
,,,12.3800001,16.3999996,
,,,12.3999996,16.6000004,
,,,12.4200001,16.2000008,
,,,12.4399996,16.3999996,
,,,12.4600000,16.6000004,
,,,12.4799995,16.3999996,
,,,12.5000000,16.6000004,
,,,12.5199995,16.3999996,
,,,12.5400000,16.6000004,
,,,12.5599995,16.6000004,
,,,12.5799999,16.6000004,
,,,12.5999994,16.6000004,
,,,12.6199999,16.3999996,
,,,12.6399994,16.6000004,
,,,12.6599998,16.6000004,
,,,12.6799994,16.3999996,
,,,12.6999998,16.6000004,
,,,12.7199993,16.6000004,
,,,12.7399998,16.6000004,
,,,12.7599993,16.6000004,
,,,12.7799997,16.6000004,
,,,12.7999992,16.6000004,
,,,12.8199997,16.3999996,
,,,12.8400002,16.6000004,
,,,12.8599997,16.8000011,
,,,12.8800001,16.6000004,
,,,12.8999996,16.3999996,
,,,12.9200001,16.6000004,
,,,12.9399996,16.6000004,
,,,12.9600000,16.6000004,
,,,12.9799995,16.6000004,
,,,13.0000000,16.6000004,
,,,13.0199995,16.8000011,
,,,13.0400000,16.6000004,
,,,13.0599995,16.6000004,
,,,13.0799999,16.6000004,
,,,13.0999994,16.6000004,
,,,13.1199999,16.6000004,
,,,13.1399994,16.3999996,
,,,13.1599998,16.6000004,
,,,13.1799994,16.3999996,
,,,13.1999998,16.6000004,
,,,13.2199993,16.6000004,
,,,13.2399998,16.6000004,
,,,13.2599993,16.6000004,
,,,13.2799997,16.6000004,
,,,13.2999992,16.6000004,
,,,13.3199997,16.6000004,
,,,13.3400002,16.6000004,
,,,13.3599997,16.3999996,
,,,13.3800001,16.3999996,
,,,13.3999996,16.3999996,
,,,13.4200001,16.6000004,
,,,13.4399996,16.6000004,
,,,13.4600000,16.3999996,
,,,13.4799995,16.3999996,
,,,13.5000000,16.3999996,
,,,13.5199995,16.6000004,
,,,13.5400000,16.3999996,
,,,13.5599995,16.3999996,
,,,13.5799999,16.6000004,
,,,13.5999994,16.3999996,
,,,13.6199999,16.6000004,
,,,13.6399994,16.6000004,
,,,13.6599998,16.3999996,
,,,13.6799994,16.6000004,
,,,13.6999998,16.3999996,
,,,13.7199993,16.3999996,
,,,13.7399998,16.6000004,
,,,13.7599993,16.6000004,
,,,13.7799997,16.6000004,
,,,13.7999992,16.6000004,
,,,13.8199997,16.6000004,
,,,13.8400002,16.6000004,
,,,13.8599997,16.6000004,
,,,13.8800001,16.6000004,
,,,13.8999996,16.6000004,
,,,13.9200001,16.6000004,
,,,13.9399996,16.8000011,
,,,13.9600000,16.3999996,
,,,13.9799995,16.6000004,
,,,14.0000000,16.6000004,
,,,14.0199995,16.6000004,
,,,14.0400000,16.6000004,
,,,14.0599995,16.3999996,
,,,14.0799999,16.3999996,
,,,14.0999994,16.6000004,
,,,14.1199999,16.6000004,
,,,14.1399994,16.6000004,
,,,14.1599998,16.3999996,
,,,14.1799994,16.6000004,
,,,14.1999998,16.6000004,
,,,14.2199993,16.6000004,
,,,14.2399998,16.3999996,
,,,14.2599993,16.3999996,
,,,14.2799997,16.6000004,
,,,14.2999992,16.3999996,
,,,14.3199997,16.6000004,
,,,14.3400002,16.6000004,
,,,14.3599997,16.6000004,
,,,14.3800001,16.6000004,
,,,14.3999996,16.6000004,
,,,14.4200001,16.6000004,
,,,14.4399996,16.6000004,
,,,14.4600000,16.6000004,
,,,14.4799995,16.3999996,
,,,14.5000000,16.6000004,
,,,14.5199995,16.3999996,
,,,14.5400000,16.6000004,
,,,14.5599995,16.3999996,
,,,14.5799999,16.3999996,
,,,14.5999994,16.3999996,
,,,14.6199999,16.6000004,
,,,14.6399994,16.6000004,
,,,14.6599998,16.3999996,
,,,14.6799994,16.6000004,
,,,14.6999998,16.3999996,
,,,14.7199993,16.6000004,
,,,14.7399998,16.6000004,
,,,14.7599993,16.3999996,
,,,14.7799997,16.3999996,
,,,14.7999992,16.6000004,
,,,14.8199997,16.3999996,
,,,14.8399992,16.6000004,
,,,14.8599997,16.3999996,
,,,14.8800001,16.6000004,
,,,14.8999996,16.6000004,
,,,14.9200001,16.3999996,
,,,14.9399996,16.6000004,
,,,14.9600000,16.6000004,
,,,14.9799995,16.3999996,
,,,15.0000000,16.6000004,
,,,15.0199995,16.3999996,
,,,15.0400000,16.6000004,
,,,15.0599995,16.6000004,
,,,15.0799999,16.6000004,
,,,15.0999994,16.3999996,
,,,15.1199999,16.6000004,
,,,15.1399994,16.8000011,
,,,15.1599998,16.6000004,
,,,15.1799994,16.6000004,
,,,15.1999998,16.6000004,
,,,15.2199993,16.3999996,
,,,15.2399998,16.3999996,
,,,15.2599993,16.3999996,
,,,15.2799997,16.6000004,
,,,15.2999992,16.8000011,
,,,15.3199997,16.6000004,
,,,15.3399992,16.6000004,
,,,15.3599997,16.6000004,
,,,15.3800001,16.3999996,
,,,15.3999996,16.3999996,
,,,15.4200001,16.2000008,
,,,15.4399996,16.3999996,
,,,15.4600000,16.3999996,
,,,15.4799995,16.3999996,
,,,15.5000000,16.2000008,
,,,15.5199995,16.2000008,
,,,15.5400000,16.2000008,
,,,15.5599995,16.2000008,
,,,15.5799999,16.2000008,
,,,15.5999994,16.3999996,
,,,15.6199999,16.2000008,
,,,15.6399994,16.2000008,
,,,15.6599998,16.3999996,
,,,15.6799994,16.2000008,
,,,15.6999998,16.2000008,
,,,15.7199993,16.2000008,
,,,15.7399998,16.2000008,
,,,15.7599993,16.3999996,
,,,15.7799997,16.2000008,
,,,15.7999992,16.3999996,
,,,15.8199997,16.3999996,
,,,15.8399992,16.6000004,
,,,15.8599997,16.8000011,
,,,15.8800001,16.3999996,
,,,15.8999996,16.3999996,
,,,15.9200001,16.3999996,
,,,15.9399996,16.3999996,
,,,15.9600000,16.2000008,
,,,15.9799995,16.0000000,
,,,16.0000000,16.0000000,
,,,16.0200005,15.8000002,
,,,16.0399990,15.6000004,
,,,16.0599995,15.4000006,
,,,16.0799999,15.0000000,
,,,16.1000004,14.4000006,
,,,16.1199989,14.1999998,
,,,16.1399994,13.8000002,
,,,16.1599998,13.4000006,
,,,16.1800003,13.0000000,
,,,16.1999989,12.4000006,
,,,16.2199993,12.0000000,
,,,16.2399998,11.4000006,
,,,16.2600002,10.8000002,
,,,16.2799988,10.1999998,
,,,16.2999992,10.0000000,
,,,16.3199997,9.400000572,
,,,16.3400002,8.600000381,
,,,16.3599987,8.000000000,
,,,16.3799992,7.599999905,
,,,16.3999996,7.00000000,
,,,16.4200001,6.40000010,
,,,16.4400005,6.00000000,
,,,16.4599991,5.40000010,
,,,16.4799995,5.00000000,
,,,16.5000000,4.59999990,
,,,16.5200005,4.20000029,
,,,16.5399990,3.60000014,
,,,16.5599995,3.00000000,
,,,16.5799999,2.6000001,
,,,16.6000004,2.2000000,
,,,16.6199989,2.0000000,
,,,16.6399994,1.4000000,
,,,16.6599998,1.2000000,
,,,16.6800003,600.000023842E-3,
,,,16.6999989,400.00000596E-3,
,,,16.7199993,0.0,
,,,16.7399998,-200.00000298E-3,
,,,16.7600002,-200.00000298E-3,
,,,16.7799988,-800.000011921E-3,
,,,16.7999992,-800.000011921E-3,
,,,16.8199997,-800.000011921E-3,
,,,16.8400002,-800.000011921E-3,
,,,16.8599987,-1.000000,
,,,16.8799992,-1.000000,
,,,16.8999996,-1.2000000,
,,,16.9200001,-1.2000000,
,,,16.9400005,-1.000000,
,,,16.9599991,-1.000000,
,,,16.9799995,-800.000011921E-3,
,,,17.0000000,-800.000011921E-3,
,,,17.0200005,-600.000023842E-3,
,,,17.0399990,-400.00000596E-3,
,,,17.0599995,-400.00000596E-3,
,,,17.0799999,-200.00000298E-3,
,,,17.1000004,-200.00000298E-3,
,,,17.1199989,0.0,
,,,17.1399994,400.00000596E-3,
,,,17.1599998,400.00000596E-3,
,,,17.1800003,600.000023842E-3,
,,,17.1999989,800.000011921E-3,
,,,17.2199993,1.000000,
,,,17.2399998,1.2000000,
,,,17.2600002,1.4000000,
,,,17.2799988,1.2000000,
,,,17.2999992,1.4000000,
,,,17.3199997,1.2000000,
,,,17.3400002,1.4000000,
,,,17.3599987,1.2000000,
,,,17.3799992,1.000000,
,,,17.3999996,1.000000,
,,,17.4200001,1.000000,
,,,17.4400005,1.000000,
,,,17.4599991,1.000000,
,,,17.4799995,400.00000596E-3,
,,,17.5000000,600.000023842E-3,
,,,17.5200005,400.00000596E-3,
,,,17.5399990,400.00000596E-3,
,,,17.5599995,0.0,
,,,17.5799999,-200.00000298E-3,
,,,17.6000004,-400.00000596E-3,
,,,17.6199989,-400.00000596E-3,
,,,17.6399994,-600.000023842E-3,
,,,17.6599998,-800.000011921E-3,
,,,17.6800003,-800.000011921E-3,
,,,17.6999989,-800.000011921E-3,
,,,17.7199993,-1.000000,
,,,17.7399998,-1.000000,
,,,17.7600002,-1.4000000,
,,,17.7799988,-1.000000,
,,,17.7999992,-1.2000000,
,,,17.8199997,-1.000000,
,,,17.8400002,-1.000000,
,,,17.8599987,-1.000000,
,,,17.8799992,-800.000011921E-3,
,,,17.8999996,-800.000011921E-3,
,,,17.9200001,-800.000011921E-3,
,,,17.9400005,-400.00000596E-3,
,,,17.9599991,-400.00000596E-3,
,,,17.9799995,-400.00000596E-3,
,,,18.0000000,-200.00000298E-3,
,,,18.0200005,0.0,
,,,18.0399990,0.0,
,,,18.0599995,400.00000596E-3,
,,,18.0799999,400.00000596E-3,
,,,18.1000004,400.00000596E-3,
,,,18.1199989,600.000023842E-3,
,,,18.1399994,800.000011921E-3,
,,,18.1599998,800.000011921E-3,
,,,18.1800003,1.000000,
,,,18.1999989,1.000000,
,,,18.2199993,1.000000,
,,,18.2399998,1.000000,
,,,18.2600002,1.000000,
,,,18.2799988,1.000000,
,,,18.2999992,800.000011921E-3,
,,,18.3199997,800.000011921E-3,
,,,18.3400002,800.000011921E-3,
,,,18.3599987,1.000000,
,,,18.3799992,600.000023842E-3,
,,,18.3999996,600.000023842E-3,
,,,18.4200001,400.00000596E-3,
,,,18.4400005,400.00000596E-3,
,,,18.4599991,200.00000298E-3,
,,,18.4799995,0.0,
,,,18.5000000,200.00000298E-3,
,,,18.5200005,0.0,
,,,18.5399990,-200.00000298E-3,
,,,18.5599995,0.0,
,,,18.5799999,-400.00000596E-3,
,,,18.6000004,-400.00000596E-3,
,,,18.6199989,-400.00000596E-3,
,,,18.6399994,-400.00000596E-3,
,,,18.6599998,-400.00000596E-3,
,,,18.6800003,-600.000023842E-3,
,,,18.6999989,-400.00000596E-3,
,,,18.7199993,-600.000023842E-3,
,,,18.7399998,-600.000023842E-3,
,,,18.7600002,-400.00000596E-3,
,,,18.7799988,-600.000023842E-3,
,,,18.7999992,-400.00000596E-3,
,,,18.8199997,-400.00000596E-3,
,,,18.8400002,-400.00000596E-3,
,,,18.8599987,-200.00000298E-3,
,,,18.8799992,-200.00000298E-3,
,,,18.8999996,0.0,
,,,18.9200001,0.0,
,,,18.9399986,0.0,
,,,18.9599991,0.0,
,,,18.9799995,200.00000298E-3,
,,,19.0000000,200.00000298E-3,
,,,19.0200005,400.00000596E-3,
,,,19.0399990,600.000023842E-3,
,,,19.0599995,400.00000596E-3,
,,,19.0799999,600.000023842E-3,
,,,19.1000004,600.000023842E-3,
,,,19.1199989,400.00000596E-3,
,,,19.1399994,600.000023842E-3,
,,,19.1599998,600.000023842E-3,
,,,19.1800003,600.000023842E-3,
,,,19.1999989,400.00000596E-3,
,,,19.2199993,600.000023842E-3,
,,,19.2399998,600.000023842E-3,
,,,19.2600002,400.00000596E-3,
,,,19.2799988,600.000023842E-3,
,,,19.2999992,400.00000596E-3,
,,,19.3199997,400.00000596E-3,
,,,19.3400002,400.00000596E-3,
,,,19.3599987,400.00000596E-3,
,,,19.3799992,200.00000298E-3,
,,,19.3999996,0.0,
,,,19.4200001,-200.00000298E-3,
,,,19.4399986,-200.00000298E-3,
,,,19.4599991,0.0,
,,,19.4799995,0.0,
,,,19.5000000,-400.00000596E-3,
,,,19.5200005,-200.00000298E-3,
,,,19.5399990,-200.00000298E-3,
,,,19.5599995,-200.00000298E-3,
,,,19.5799999,-400.00000596E-3,
,,,19.6000004,-400.00000596E-3,
,,,19.6199989,-600.000023842E-3,
,,,19.6399994,-400.00000596E-3,
,,,19.6599998,-400.00000596E-3,
,,,19.6800003,-400.00000596E-3,
,,,19.6999989,-400.00000596E-3,
,,,19.7199993,-400.00000596E-3,
,,,19.7399998,-200.00000298E-3,
,,,19.7600002,-200.00000298E-3,
,,,19.7799988,-200.00000298E-3,
,,,19.7999992,-200.00000298E-3,
,,,19.8199997,0.0,
,,,19.8400002,0.0,
,,,19.8599987,0.0,
,,,19.8799992,0.0,
,,,19.8999996,0.0,
,,,19.9200001,200.00000298E-3,
,,,19.9399986,200.00000298E-3,
,,,19.9599991,400.00000596E-3,
,,,19.9799995,400.00000596E-3,
,,,20.0000000,200.00000298E-3,
,,,20.0200005,400.00000596E-3,
,,,20.0399990,400.00000596E-3,
,,,20.0599995,400.00000596E-3,
,,,20.0799999,600.000023842E-3,
,,,20.10000038,400.00000596E-3,
,,,20.11999893,400.00000596E-3,
,,,20.13999939,600.000023842E-3,
,,,20.15999985,400.00000596E-3,
,,,20.18000031,400.00000596E-3,
,,,20.19999886,200.00000298E-3,
,,,20.21999931,200.00000298E-3,
,,,20.23999977,400.00000596E-3,
,,,20.26000023,400.00000596E-3,
,,,20.27999878,200.00000298E-3,
,,,20.29999924,200.00000298E-3,
,,,20.31999969,200.00000298E-3,
,,,20.34000015,200.00000298E-3,
,,,20.35999870,200.00000298E-3,
,,,20.37999916,200.00000298E-3,
,,,20.39999962,0.0,
,,,20.42000008,0.0,
,,,20.43999863,200.00000298E-3,
,,,20.45999908,0.0,
,,,20.47999954,0.0,
,,,20.50000000,0.0,
,,,20.52000046,-200.00000298E-3,
,,,20.53999901,0.0,
,,,20.55999947,0.0,
,,,20.57999992,0.0,
,,,20.60000038,0.0,
,,,20.61999893,-200.00000298E-3,
,,,20.63999939,0.0,
,,,20.65999985,0.0,
,,,20.68000031,0.0,
,,,20.69999886,0.0,
,,,20.71999931,0.0,
,,,20.73999977,200.00000298E-3,
,,,20.76000023,200.00000298E-3,
,,,20.77999878,200.00000298E-3,
,,,20.79999924,200.00000298E-3,
,,,20.81999969,0.0,
,,,20.84000015,200.00000298E-3,
,,,20.85999870,200.00000298E-3,
,,,20.87999916,200.00000298E-3,
,,,20.89999962,400.00000596E-3,
,,,20.92000008,200.00000298E-3,
,,,20.93999863,400.00000596E-3,
,,,20.95999908,400.00000596E-3,
,,,20.97999954,400.00000596E-3,
,,,21.00000000,200.00000298E-3,
,,,21.02000046,400.00000596E-3,
,,,21.03999901,400.00000596E-3,
,,,21.05999947,400.00000596E-3,
,,,21.07999992,200.00000298E-3,
,,,21.10000038,200.00000298E-3,
,,,21.11999893,200.00000298E-3,
,,,21.13999939,400.00000596E-3,
,,,21.15999985,400.00000596E-3,
,,,21.18000031,200.00000298E-3,
,,,21.19999886,0.0,
,,,21.21999931,200.00000298E-3,
,,,21.23999977,200.00000298E-3,
,,,21.26000023,0.0,
,,,21.27999878,-200.00000298E-3,
,,,21.29999924,0.0,
,,,21.31999969,0.0,
,,,21.34000015,0.0,
,,,21.35999870,0.0,
,,,21.37999916,-200.00000298E-3,
,,,21.39999962,0.0,
,,,21.42000008,0.0,
,,,21.43999863,400.00000596E-3,
,,,21.45999908,800.000011921E-3,
,,,21.47999954,1.4000000,
,,,21.50000000,2.4000001,
,,,21.52000046,3.40000010,
,,,21.53999901,4.59999990,
,,,21.55999947,5.80000019,
,,,21.57999992,7.400000095,
,,,21.60000038,8.800000191,
,,,21.61999893,10.1999998,
,,,21.63999939,12.0000000,
,,,21.65999985,13.6000004,
,,,21.68000031,15.0000000,
,,,21.69999886,16.8000011,
,,,21.71999931,18.6000004,
,,,21.73999977,20.20000076,
,,,21.76000023,21.80000114,
,,,21.77999878,23.20000076,
,,,21.79999924,24.60000038,
,,,21.81999969,25.80000114,
,,,21.84000015,27.00000000,
,,,21.85999870,28.00000000,
,,,21.87999916,28.80000114,
,,,21.89999962,29.80000114,
,,,21.92000008,30.20000076,
,,,21.93999863,30.60000038,
,,,21.95999908,30.80000114,
,,,21.97999954,31.00000000,
,,,22.00000000,30.80000114,
,,,22.02000046,30.20000076,
,,,22.03999901,30.00000000,
,,,22.05999947,29.39999962,
,,,22.07999992,28.80000114,
,,,22.10000038,28.00000000,
,,,22.11999893,27.00000000,
,,,22.13999939,25.80000114,
,,,22.15999985,24.60000038,
,,,22.18000031,23.39999962,
,,,22.19999886,22.00000000,
,,,22.21999931,20.20000076,
,,,22.23999977,19.0000000,
,,,22.26000023,17.6000004,
,,,22.27999878,16.2000008,
,,,22.29999924,15.0000000,
,,,22.31999969,13.4000006,
,,,22.34000015,11.8000002,
,,,22.35999870,10.6000004,
,,,22.37999916,9.400000572,
,,,22.39999962,8.199999809,
,,,22.42000008,7.400000095,
,,,22.43999863,6.20000029,
,,,22.45999908,5.59999990,
,,,22.47999954,5.00000000,
,,,22.50000000,4.40000010,
,,,22.51999855,4.20000029,
,,,22.53999901,4.00000000,
,,,22.55999947,3.79999995,
,,,22.57999992,3.79999995,
,,,22.60000038,4.20000029,
,,,22.61999893,4.40000010,
,,,22.63999939,5.00000000,
,,,22.65999985,5.59999990,
,,,22.68000031,6.40000010,
,,,22.69999886,7.20000029,
,,,22.71999931,8.199999809,
,,,22.73999977,9.199999809,
,,,22.76000023,10.4000006,
,,,22.77999878,11.6000004,
,,,22.79999924,12.8000002,
,,,22.81999969,14.1999998,
,,,22.84000015,15.4000006,
,,,22.85999870,16.8000011,
,,,22.87999916,18.2000008,
,,,22.89999962,19.2000008,
,,,22.92000008,20.60000038,
,,,22.93999863,21.60000038,
,,,22.95999908,22.60000038,
,,,22.97999954,23.80000114,
,,,23.00000000,24.60000038,
,,,23.01999855,25.39999962,
,,,23.03999901,25.80000114,
,,,23.05999947,26.60000038,
,,,23.07999992,27.20000076,
,,,23.10000038,27.39999962,
,,,23.11999893,27.39999962,
,,,23.13999939,27.60000038,
,,,23.15999985,27.60000038,
,,,23.18000031,27.20000076,
,,,23.19999886,27.00000000,
,,,23.21999931,26.60000038,
,,,23.23999977,26.00000000,
,,,23.26000023,25.39999962,
,,,23.27999878,24.60000038,
,,,23.29999924,23.80000114,
,,,23.31999969,22.80000114,
,,,23.34000015,21.60000038,
,,,23.35999870,20.80000114,
,,,23.37999916,19.6000004,
,,,23.39999962,18.6000004,
,,,23.42000008,17.3999996,
,,,23.43999863,16.2000008,
,,,23.45999908,15.1999998,
,,,23.47999954,14.0000000,
,,,23.50000000,13.0000000,
,,,23.51999855,12.0000000,
,,,23.53999901,11.0000000,
,,,23.55999947,10.1999998,
,,,23.57999992,9.400000572,
,,,23.60000038,8.400000572,
,,,23.61999893,8.000000000,
,,,23.63999939,7.400000095,
,,,23.65999985,7.20000029,
,,,23.68000031,6.80000019,
,,,23.69999886,6.80000019,
,,,23.71999931,6.59999990,
,,,23.73999977,6.80000019,
,,,23.76000023,7.00000000,
,,,23.77999878,7.400000095,
,,,23.79999924,7.599999905,
,,,23.81999969,8.000000000,
,,,23.84000015,8.600000381,
,,,23.85999870,9.400000572,
,,,23.87999916,10.1999998,
,,,23.89999962,10.8000002,
,,,23.92000008,11.8000002,
,,,23.93999863,12.8000002,
,,,23.95999908,13.8000002,
,,,23.97999954,14.6000004,
,,,24.00000000,15.6000004,
,,,24.01999855,16.8000011,
,,,24.03999901,17.6000004,
,,,24.05999947,18.6000004,
,,,24.07999992,19.6000004,
,,,24.10000038,20.20000076,
,,,24.11999893,21.20000076,
,,,24.13999939,22.00000000,
,,,24.15999985,22.80000114,
,,,24.18000031,23.39999962,
,,,24.19999886,23.80000114,
,,,24.21999931,24.39999962,
,,,24.23999977,24.60000038,
,,,24.26000023,24.80000114,
,,,24.27999878,25.00000000,
,,,24.29999924,25.20000076,
,,,24.31999969,25.00000000,
,,,24.34000015,24.80000114,
,,,24.35999870,24.80000114,
,,,24.37999916,24.20000076,
,,,24.39999962,23.80000114,
,,,24.42000008,23.39999962,
,,,24.43999863,22.60000038,
,,,24.45999908,22.00000000,
,,,24.47999954,21.60000038,
,,,24.50000000,20.60000038,
,,,24.51999855,19.8000011,
,,,24.53999901,18.8000011,
,,,24.55999947,18.2000008,
,,,24.57999992,17.3999996,
,,,24.60000038,16.3999996,
,,,24.61999893,15.6000004,
,,,24.63999939,14.6000004,
,,,24.65999985,13.8000002,
,,,24.68000031,13.0000000,
,,,24.69999886,12.4000006,
,,,24.71999931,11.6000004,
,,,24.73999977,11.0000000,
,,,24.76000023,10.4000006,
,,,24.77999878,9.800000191,
,,,24.79999924,9.600000381,
,,,24.81999969,9.199999809,
,,,24.84000015,9.000000000,
,,,24.85999870,9.000000000,
,,,24.87999916,9.000000000,
,,,24.89999962,9.000000000,
,,,24.92000008,9.000000000,
,,,24.93999863,9.199999809,
,,,24.95999908,9.600000381,
,,,24.97999954,10.0000000,
,,,25.00000000,10.4000006,
,,,25.01999855,11.0000000,
,,,25.03999901,11.6000004,
,,,25.05999947,12.0000000,
,,,25.07999992,13.0000000,
,,,25.10000038,13.4000006,
,,,25.11999893,14.1999998,
,,,25.13999939,15.0000000,
,,,25.15999985,15.8000002,
,,,25.18000031,16.8000011,
,,,25.19999886,17.6000004,
,,,25.21999931,18.2000008,
,,,25.23999977,19.0000000,
,,,25.26000023,19.3999996,
,,,25.27999878,20.20000076,
,,,25.29999924,20.80000114,
,,,25.31999969,21.20000076,
,,,25.34000015,21.80000114,
,,,25.35999870,22.00000000,
,,,25.37999916,22.80000114,
,,,25.39999962,22.80000114,
,,,25.42000008,22.80000114,
,,,25.43999863,23.00000000,
,,,25.45999908,23.20000076,
,,,25.47999954,23.20000076,
,,,25.50000000,23.00000000,
,,,25.51999855,22.80000114,
,,,25.53999901,22.60000038,
,,,25.55999947,22.20000076,
,,,25.57999992,21.80000114,
,,,25.59999847,21.39999962,
,,,25.61999893,20.60000038,
,,,25.63999939,20.20000076,
,,,25.65999985,19.6000004,
,,,25.68000031,19.2000008,
,,,25.69999886,18.6000004,
,,,25.71999931,17.8000011,
,,,25.73999977,17.0000000,
,,,25.76000023,16.6000004,
,,,25.77999878,15.8000002,
,,,25.79999924,15.0000000,
,,,25.81999969,14.4000006,
,,,25.84000015,13.8000002,
,,,25.85999870,13.4000006,
,,,25.87999916,12.8000002,
,,,25.89999962,12.4000006,
,,,25.92000008,11.8000002,
,,,25.93999863,11.4000006,
,,,25.95999908,11.1999998,
,,,25.97999954,11.0000000,
,,,26.00000000,11.0000000,
,,,26.01999855,10.6000004,
,,,26.03999901,10.6000004,
,,,26.05999947,10.6000004,
,,,26.07999992,10.6000004,
,,,26.09999847,11.0000000,
,,,26.11999893,11.0000000,
,,,26.13999939,11.4000006,
,,,26.15999985,11.8000002,
,,,26.18000031,12.4000006,
,,,26.19999886,12.6000004,
,,,26.21999931,13.1999998,
,,,26.23999977,13.6000004,
,,,26.26000023,14.4000006,
,,,26.27999878,14.8000002,
,,,26.29999924,15.4000006,
,,,26.31999969,16.0000000,
,,,26.34000015,16.3999996,
,,,26.35999870,17.2000008,
,,,26.37999916,18.0000000,
,,,26.39999962,18.3999996,
,,,26.42000008,19.0000000,
,,,26.43999863,19.2000008,
,,,26.45999908,19.8000011,
,,,26.47999954,20.20000076,
,,,26.50000000,20.60000038,
,,,26.51999855,21.20000076,
,,,26.53999901,21.20000076,
,,,26.55999947,21.39999962,
,,,26.57999992,21.60000038,
,,,26.59999847,21.80000114,
,,,26.61999893,21.60000038,
,,,26.63999939,21.60000038,
,,,26.65999985,21.60000038,
,,,26.68000031,21.39999962,
,,,26.69999886,21.00000000,
,,,26.71999931,21.00000000,
,,,26.73999977,20.39999962,
,,,26.76000023,20.20000076,
,,,26.77999878,19.8000011,
,,,26.79999924,19.3999996,
,,,26.81999969,18.8000011,
,,,26.84000015,18.6000004,
,,,26.85999870,18.0000000,
,,,26.87999916,17.3999996,
,,,26.89999962,17.0000000,
,,,26.92000008,16.6000004,
,,,26.93999863,15.8000002,
,,,26.95999908,15.6000004,
,,,26.97999954,15.0000000,
,,,27.00000000,14.4000006,
,,,27.01999855,14.0000000,
,,,27.03999901,13.6000004,
,,,27.05999947,13.1999998,
,,,27.07999992,12.8000002,
,,,27.09999847,12.8000002,
,,,27.11999893,12.4000006,
,,,27.13999939,12.0000000,
,,,27.15999985,12.0000000,
,,,27.18000031,12.0000000,
,,,27.19999886,12.0000000,
,,,27.21999931,11.8000002,
,,,27.23999977,12.1999998,
,,,27.26000023,12.1999998,
,,,27.27999878,12.4000006,
,,,27.29999924,12.6000004,
,,,27.31999969,12.8000002,
,,,27.34000015,13.1999998,
,,,27.35999870,13.4000006,
,,,27.37999916,13.8000002,
,,,27.39999962,14.4000006,
,,,27.42000008,14.8000002,
,,,27.43999863,15.0000000,
,,,27.45999908,15.6000004,
,,,27.47999954,16.0000000,
,,,27.50000000,16.6000004,
,,,27.51999855,17.0000000,
,,,27.53999901,17.6000004,
,,,27.55999947,17.8000011,
,,,27.57999992,18.2000008,
,,,27.59999847,18.6000004,
,,,27.61999893,19.0000000,
,,,27.63999939,19.2000008,
,,,27.65999985,19.6000004,
,,,27.68000031,20.0000000,
,,,27.69999886,19.8000011,
,,,27.71999931,20.20000076,
,,,27.73999977,20.20000076,
,,,27.76000023,20.60000038,
,,,27.77999878,20.39999962,
,,,27.79999924,20.39999962,
,,,27.81999969,20.39999962,
,,,27.84000015,20.0000000,
,,,27.85999870,20.0000000,
,,,27.87999916,19.8000011,
,,,27.89999962,19.8000011,
,,,27.92000008,19.2000008,
,,,27.93999863,18.8000011,
,,,27.95999908,18.6000004,
,,,27.97999954,18.3999996,
,,,28.00000000,18.2000008,
,,,28.01999855,17.8000011,
,,,28.03999901,17.2000008,
,,,28.05999947,16.8000011,
,,,28.07999992,16.6000004,
,,,28.09999847,16.2000008,
,,,28.11999893,15.6000004,
,,,28.13999939,15.1999998,
,,,28.15999985,14.8000002,
,,,28.18000031,14.6000004,
,,,28.19999886,14.1999998,
,,,28.21999931,13.8000002,
,,,28.23999977,13.8000002,
,,,28.26000023,13.6000004,
,,,28.27999878,13.4000006,
,,,28.29999924,13.1999998,
,,,28.31999969,13.0000000,
,,,28.34000015,13.0000000,
,,,28.35999870,13.1999998,
,,,28.37999916,12.8000002,
,,,28.39999962,13.1999998,
,,,28.42000008,13.1999998,
,,,28.43999863,13.1999998,
,,,28.45999908,13.6000004,
,,,28.47999954,13.6000004,
,,,28.50000000,13.8000002,
,,,28.51999855,14.1999998,
,,,28.53999901,14.6000004,
,,,28.55999947,14.8000002,
,,,28.57999992,15.1999998,
,,,28.59999847,15.6000004,
,,,28.61999893,15.8000002,
,,,28.63999939,16.2000008,
,,,28.65999985,16.6000004,
,,,28.68000031,17.0000000,
,,,28.69999886,17.3999996,
,,,28.71999931,17.6000004,
,,,28.73999977,18.0000000,
,,,28.76000023,18.2000008,
,,,28.77999878,18.6000004,
,,,28.79999924,18.6000004,
,,,28.81999969,18.8000011,
,,,28.84000015,19.0000000,
,,,28.85999870,19.3999996,
,,,28.87999916,19.3999996,
,,,28.89999962,19.3999996,
,,,28.92000008,19.6000004,
,,,28.93999863,19.3999996,
,,,28.95999908,19.6000004,
,,,28.97999954,19.3999996,
,,,29.00000000,19.3999996,
,,,29.01999855,19.2000008,
,,,29.03999901,18.8000011,
,,,29.05999947,18.8000011,
,,,29.07999992,18.8000011,
,,,29.09999847,18.6000004,
,,,29.11999893,18.3999996,
,,,29.13999939,18.0000000,
,,,29.15999985,17.8000011,
,,,29.17999840,17.6000004,
,,,29.19999886,17.2000008,
,,,29.21999931,16.8000011,
,,,29.23999977,16.3999996,
,,,29.26000023,16.2000008,
,,,29.27999878,15.8000002,
,,,29.29999924,15.6000004,
,,,29.31999969,15.4000006,
,,,29.34000015,15.0000000,
,,,29.35999870,14.8000002,
,,,29.37999916,14.6000004,
,,,29.39999962,14.6000004,
,,,29.42000008,14.1999998,
,,,29.43999863,14.0000000,
,,,29.45999908,13.8000002,
,,,29.47999954,14.0000000,
,,,29.50000000,14.0000000,
,,,29.51999855,13.8000002,
,,,29.53999901,13.6000004,
,,,29.55999947,13.8000002,
,,,29.57999992,14.0000000,
,,,29.59999847,14.0000000,
,,,29.61999893,14.1999998,
,,,29.63999939,14.1999998,
,,,29.65999985,14.4000006,
,,,29.67999840,14.6000004,
,,,29.69999886,15.0000000,
,,,29.71999931,15.1999998,
,,,29.73999977,15.4000006,
,,,29.76000023,15.6000004,
,,,29.77999878,16.0000000,
,,,29.79999924,16.3999996,
,,,29.81999969,16.6000004,
,,,29.84000015,16.8000011,
,,,29.85999870,17.2000008,
,,,29.87999916,17.3999996,
,,,29.89999962,17.6000004,
,,,29.92000008,17.6000004,
,,,29.93999863,18.0000000,
,,,29.95999908,18.3999996,
,,,29.97999954,18.3999996,
,,,30.00000000,18.6000004,
,,,30.01999855,18.8000011,
,,,30.03999901,18.8000011,
,,,30.05999947,18.8000011,
,,,30.07999992,19.0000000,
,,,30.09999847,19.0000000,
,,,30.11999893,18.8000011,
,,,30.13999939,18.6000004,
,,,30.15999985,18.8000011,
,,,30.17999840,18.6000004,
,,,30.19999886,18.3999996,
,,,30.21999931,18.3999996,
,,,30.23999977,18.2000008,
,,,30.26000023,18.2000008,
,,,30.27999878,17.8000011,
,,,30.29999924,17.8000011,
,,,30.31999969,17.3999996,
,,,30.34000015,17.0000000,
,,,30.35999870,17.0000000,
,,,30.37999916,16.8000011,
,,,30.39999962,16.6000004,
,,,30.42000008,16.2000008,
,,,30.43999863,16.0000000,
,,,30.45999908,15.6000004,
,,,30.47999954,15.4000006,
,,,30.50000000,15.4000006,
,,,30.51999855,15.0000000,
,,,30.53999901,15.0000000,
,,,30.55999947,15.0000000,
,,,30.57999992,14.6000004,
,,,30.59999847,14.8000002,
,,,30.61999893,14.6000004,
,,,30.63999939,14.6000004,
,,,30.65999985,14.6000004,
,,,30.67999840,14.4000006,
,,,30.69999886,14.6000004,
,,,30.71999931,14.6000004,
,,,30.73999977,14.4000006,
,,,30.76000023,14.4000006,
,,,30.77999878,14.6000004,
,,,30.79999924,15.0000000,
,,,30.81999969,15.0000000,
,,,30.84000015,15.0000000,
,,,30.85999870,15.1999998,
,,,30.87999916,15.6000004,
,,,30.89999962,15.8000002,
,,,30.92000008,15.8000002,
,,,30.93999863,16.0000000,
,,,30.95999908,16.3999996,
,,,30.97999954,16.3999996,
,,,31.00000000,16.6000004,
,,,31.01999855,17.0000000,
,,,31.03999901,17.0000000,
,,,31.05999947,17.2000008,
,,,31.07999992,17.3999996,
,,,31.09999847,17.8000011,
,,,31.11999893,17.6000004,
,,,31.13999939,18.0000000,
,,,31.15999985,18.2000008,
,,,31.17999840,18.3999996,
,,,31.19999886,18.3999996,
,,,31.21999931,18.3999996,
,,,31.23999977,18.3999996,
,,,31.26000023,18.3999996,
,,,31.27999878,18.3999996,
,,,31.29999924,18.3999996,
,,,31.31999969,18.3999996,
,,,31.34000015,18.2000008,
,,,31.35999870,18.2000008,
,,,31.37999916,17.8000011,
,,,31.39999962,18.0000000,
,,,31.42000008,17.8000011,
,,,31.43999863,17.6000004,
,,,31.45999908,17.3999996,
,,,31.47999954,17.2000008,
,,,31.50000000,17.0000000,
,,,31.51999855,16.8000011,
,,,31.53999901,16.6000004,
,,,31.55999947,16.6000004,
,,,31.57999992,16.3999996,
,,,31.59999847,16.2000008,
,,,31.61999893,16.2000008,
,,,31.63999939,15.8000002,
,,,31.65999985,15.6000004,
,,,31.67999840,15.4000006,
,,,31.69999886,15.4000006,
,,,31.71999931,15.1999998,
,,,31.73999977,15.1999998,
,,,31.76000023,15.0000000,
,,,31.77999878,14.8000002,
,,,31.79999924,15.0000000,
,,,31.81999969,15.0000000,
,,,31.84000015,14.8000002,
,,,31.85999870,14.8000002,
,,,31.87999916,15.0000000,
,,,31.89999962,15.0000000,
,,,31.92000008,15.1999998,
,,,31.93999863,15.1999998,
,,,31.95999908,15.1999998,
,,,31.97999954,15.4000006,
,,,32.00000000,15.4000006,
,,,32.02000046,15.6000004,
,,,32.04000092,15.8000002,
,,,32.05999756,15.8000002,
,,,32.07999802,16.0000000,
,,,32.09999847,16.2000008,
,,,32.11999893,16.6000004,
,,,32.13999939,16.6000004,
,,,32.15999985,16.8000011,
,,,32.18000031,17.0000000,
,,,32.20000076,17.0000000,
,,,32.21999741,17.0000000,
,,,32.23999786,17.3999996,
,,,32.25999832,17.3999996,
,,,32.27999878,17.3999996,
,,,32.29999924,17.6000004,
,,,32.31999969,17.6000004,
,,,32.34000015,17.8000011,
,,,32.36000061,17.8000011,
,,,32.38000107,18.0000000,
,,,32.39999771,18.0000000,
,,,32.41999817,18.0000000,
,,,32.43999863,18.0000000,
,,,32.45999908,17.6000004,
,,,32.47999954,18.0000000,
,,,32.50000000,18.0000000,
,,,32.52000046,17.6000004,
,,,32.54000092,17.8000011,
,,,32.55999756,17.6000004,
,,,32.57999802,17.6000004,
,,,32.59999847,17.3999996,
,,,32.61999893,17.3999996,
,,,32.63999939,17.0000000,
,,,32.65999985,17.0000000,
,,,32.68000031,16.8000011,
,,,32.70000076,16.6000004,
,,,32.71999741,16.6000004,
,,,32.73999786,16.3999996,
,,,32.75999832,16.2000008,
,,,32.77999878,16.0000000,
,,,32.79999924,16.0000000,
,,,32.81999969,15.6000004,
,,,32.84000015,15.6000004,
,,,32.86000061,15.8000002,
,,,32.88000107,15.6000004,
,,,32.89999771,15.6000004,
,,,32.91999817,15.1999998,
,,,32.93999863,15.1999998,
,,,32.95999908,15.4000006,
,,,32.97999954,15.1999998,
,,,33.00000000,15.1999998,
,,,33.02000046,15.4000006,
,,,33.04000092,15.1999998,
,,,33.05999756,15.4000006,
,,,33.07999802,15.1999998,
,,,33.09999847,15.6000004,
,,,33.11999893,15.6000004,
,,,33.13999939,15.1999998,
,,,33.15999985,15.8000002,
,,,33.18000031,15.8000002,
,,,33.20000076,16.0000000,
,,,33.21999741,16.2000008,
,,,33.23999786,16.0000000,
,,,33.25999832,16.2000008,
,,,33.27999878,16.3999996,
,,,33.29999924,16.6000004,
,,,33.31999969,16.6000004,
,,,33.34000015,16.8000011,
,,,33.36000061,16.8000011,
,,,33.38000107,17.2000008,
,,,33.39999771,17.0000000,
,,,33.41999817,17.2000008,
,,,33.43999863,17.2000008,
,,,33.45999908,17.2000008,
,,,33.47999954,17.3999996,
,,,33.50000000,17.3999996,
,,,33.52000046,17.3999996,
,,,33.54000092,17.3999996,
,,,33.55999756,17.6000004,
,,,33.57999802,17.6000004,
,,,33.59999847,17.6000004,
,,,33.61999893,17.3999996,
,,,33.63999939,17.6000004,
,,,33.65999985,17.3999996,
,,,33.68000031,17.6000004,
,,,33.70000076,17.3999996,
,,,33.71999741,17.2000008,
,,,33.73999786,17.0000000,
,,,33.75999832,17.2000008,
,,,33.77999878,17.0000000,
,,,33.79999924,16.8000011,
,,,33.81999969,16.6000004,
,,,33.84000015,16.8000011,
,,,33.86000061,16.6000004,
,,,33.88000107,16.6000004,
,,,33.89999771,16.6000004,
,,,33.91999817,16.3999996,
,,,33.93999863,16.0000000,
,,,33.95999908,16.0000000,
,,,33.97999954,16.0000000,
,,,34.00000000,15.8000002,
,,,34.02000046,15.8000002,
,,,34.04000092,15.6000004,
,,,34.05999756,15.8000002,
,,,34.07999802,15.8000002,
,,,34.09999847,15.6000004,
,,,34.11999893,15.4000006,
,,,34.13999939,15.6000004,
,,,34.15999985,15.6000004,
,,,34.18000031,15.6000004,
,,,34.20000076,15.4000006,
,,,34.21999741,15.6000004,
,,,34.23999786,15.8000002,
,,,34.25999832,15.6000004,
,,,34.27999878,15.6000004,
,,,34.29999924,15.8000002,
,,,34.31999969,15.8000002,
,,,34.34000015,15.8000002,
,,,34.36000061,16.0000000,
,,,34.38000107,16.2000008,
,,,34.39999771,16.2000008,
,,,34.41999817,16.3999996,
,,,34.43999863,16.3999996,
,,,34.45999908,16.3999996,
,,,34.47999954,16.6000004,
,,,34.50000000,16.6000004,
,,,34.52000046,16.6000004,
,,,34.54000092,16.8000011,
,,,34.55999756,17.0000000,
,,,34.57999802,17.0000000,
,,,34.59999847,17.2000008,
,,,34.61999893,17.2000008,
,,,34.63999939,17.2000008,
,,,34.65999985,17.3999996,
,,,34.68000031,17.3999996,
,,,34.70000076,17.2000008,
,,,34.71999741,17.2000008,
,,,34.73999786,17.0000000,
,,,34.75999832,17.2000008,
,,,34.77999878,17.3999996,
,,,34.79999924,17.3999996,
,,,34.81999969,17.0000000,
,,,34.84000015,17.3999996,
,,,34.86000061,17.2000008,
,,,34.88000107,17.2000008,
,,,34.89999771,17.0000000,
,,,34.91999817,16.8000011,
,,,34.93999863,17.0000000,
,,,34.95999908,16.8000011,
,,,34.97999954,16.8000011,
,,,35.00000000,16.6000004,
,,,35.02000046,16.6000004,
,,,35.04000092,16.6000004,
,,,35.05999756,16.3999996,
,,,35.07999802,16.3999996,
,,,35.09999847,16.2000008,
,,,35.11999893,16.2000008,
,,,35.13999939,16.0000000,
,,,35.15999985,16.0000000,
,,,35.18000031,16.0000000,
,,,35.20000076,16.0000000,
,,,35.21999741,15.8000002,
,,,35.23999786,16.0000000,
,,,35.25999832,15.6000004,
,,,35.27999878,15.6000004,
,,,35.29999924,15.8000002,
,,,35.31999969,15.8000002,
,,,35.34000015,15.6000004,
,,,35.36000061,15.6000004,
,,,35.38000107,16.0000000,
,,,35.39999771,15.8000002,
,,,35.41999817,16.0000000,
,,,35.43999863,15.8000002,
,,,35.45999908,16.0000000,
,,,35.47999954,16.0000000,
,,,35.50000000,16.0000000,
,,,35.52000046,16.0000000,
,,,35.54000092,16.2000008,
,,,35.55999756,16.3999996,
,,,35.57999802,16.3999996,
,,,35.59999847,16.6000004,
,,,35.61999893,16.6000004,
,,,35.63999939,16.6000004,
,,,35.65999985,16.6000004,
,,,35.68000031,16.8000011,
,,,35.70000076,17.0000000,
,,,35.71999741,16.8000011,
,,,35.73999786,17.0000000,
,,,35.75999832,16.8000011,
,,,35.77999878,17.0000000,
,,,35.79999924,17.0000000,
,,,35.81999969,17.2000008,
,,,35.84000015,17.2000008,
,,,35.86000061,17.2000008,
,,,35.88000107,17.2000008,
,,,35.89999771,17.2000008,
,,,35.91999817,17.0000000,
,,,35.93999863,17.0000000,
,,,35.95999908,17.2000008,
,,,35.97999954,17.0000000,
,,,36.00000000,17.0000000,
,,,36.02000046,17.0000000,
,,,36.04000092,16.8000011,
,,,36.05999756,16.8000011,
,,,36.07999802,16.8000011,
,,,36.09999847,16.8000011,
,,,36.11999893,16.8000011,
,,,36.13999939,16.6000004,
,,,36.15999985,16.6000004,
,,,36.18000031,16.6000004,
,,,36.20000076,16.3999996,
,,,36.21999741,16.3999996,
,,,36.23999786,16.2000008,
,,,36.25999832,16.3999996,
,,,36.27999878,16.2000008,
,,,36.29999924,16.3999996,
,,,36.31999969,16.2000008,
,,,36.34000015,16.0000000,
,,,36.36000061,16.0000000,
,,,36.38000107,16.2000008,
,,,36.39999771,16.2000008,
,,,36.41999817,16.0000000,
,,,36.43999863,16.2000008,
,,,36.45999908,16.0000000,
,,,36.47999954,16.0000000,
,,,36.50000000,16.0000000,
,,,36.52000046,16.0000000,
,,,36.54000092,15.8000002,
,,,36.55999756,15.8000002,
,,,36.57999802,16.2000008,
,,,36.59999847,16.0000000,
,,,36.61999893,16.0000000,
,,,36.63999939,16.2000008,
,,,36.65999985,16.0000000,
,,,36.68000031,16.2000008,
,,,36.70000076,16.2000008,
,,,36.71999741,16.2000008,
,,,36.73999786,16.3999996,
,,,36.75999832,16.3999996,
,,,36.77999878,16.6000004,
,,,36.79999924,16.8000011,
,,,36.81999969,16.6000004,
,,,36.84000015,16.8000011,
,,,36.86000061,16.6000004,
,,,36.88000107,16.8000011,
,,,36.89999771,16.8000011,
,,,36.91999817,16.6000004,
,,,36.93999863,16.8000011,
,,,36.95999908,16.8000011,
,,,36.97999954,17.0000000,
,,,37.00000000,17.2000008,
,,,37.02000046,17.0000000,
,,,37.04000092,17.0000000,
,,,37.05999756,16.8000011,
,,,37.07999802,17.0000000,
,,,37.09999847,17.0000000,
,,,37.11999893,16.8000011,
,,,37.13999939,17.0000000,
,,,37.15999985,16.8000011,
,,,37.18000031,16.8000011,
,,,37.20000076,16.8000011,
,,,37.21999741,16.8000011,
,,,37.23999786,17.0000000,
,,,37.25999832,16.3999996,
,,,37.27999878,16.8000011,
,,,37.29999924,16.6000004,
,,,37.31999969,16.8000011,
,,,37.34000015,16.6000004,
,,,37.36000061,16.3999996,
,,,37.38000107,16.6000004,
,,,37.39999771,16.3999996,
,,,37.41999817,16.3999996,
,,,37.43999863,16.2000008,
,,,37.45999908,16.3999996,
,,,37.47999954,16.2000008,
,,,37.50000000,16.2000008,
,,,37.52000046,16.2000008,
,,,37.54000092,16.0000000,
,,,37.55999756,16.2000008,
,,,37.57999802,16.2000008,
,,,37.59999847,15.8000002,
,,,37.61999893,16.0000000,
,,,37.63999939,16.0000000,
,,,37.65999985,16.0000000,
,,,37.68000031,16.0000000,
,,,37.70000076,16.2000008,
,,,37.71999741,16.0000000,
,,,37.73999786,16.0000000,
,,,37.75999832,16.2000008,
,,,37.77999878,16.2000008,
,,,37.79999924,16.2000008,
,,,37.81999969,16.3999996,
,,,37.84000015,16.3999996,
,,,37.86000061,16.2000008,
,,,37.87999725,16.3999996,
,,,37.89999771,16.3999996,
,,,37.91999817,16.6000004,
,,,37.93999863,16.6000004,
,,,37.95999908,16.6000004,
,,,37.97999954,16.6000004,
,,,38.00000000,16.8000011,
,,,38.02000046,16.6000004,
,,,38.04000092,16.6000004,
,,,38.05999756,16.8000011,
,,,38.07999802,16.8000011,
,,,38.09999847,16.8000011,
,,,38.11999893,17.0000000,
,,,38.13999939,16.8000011,
,,,38.15999985,16.8000011,
,,,38.18000031,17.0000000,
,,,38.20000076,17.0000000,
,,,38.21999741,17.0000000,
,,,38.23999786,17.0000000,
,,,38.25999832,16.8000011,
,,,38.27999878,16.8000011,
,,,38.29999924,16.6000004,
,,,38.31999969,16.8000011,
,,,38.34000015,16.8000011,
,,,38.36000061,16.6000004,
,,,38.37999725,16.6000004,
,,,38.39999771,16.8000011,
,,,38.41999817,16.6000004,
,,,38.43999863,16.6000004,
,,,38.45999908,16.6000004,
,,,38.47999954,16.8000011,
,,,38.50000000,16.6000004,
,,,38.52000046,16.6000004,
,,,38.54000092,16.6000004,
,,,38.55999756,16.3999996,
,,,38.57999802,16.3999996,
,,,38.59999847,16.2000008,
,,,38.61999893,16.2000008,
,,,38.63999939,16.3999996,
,,,38.65999985,16.2000008,
,,,38.68000031,16.3999996,
,,,38.70000076,16.3999996,
,,,38.71999741,16.2000008,
,,,38.73999786,16.2000008,
,,,38.75999832,16.0000000,
,,,38.77999878,16.2000008,
,,,38.79999924,16.2000008,
,,,38.81999969,16.0000000,
,,,38.84000015,16.2000008,
,,,38.86000061,16.0000000,
,,,38.87999725,16.2000008,
,,,38.89999771,16.3999996,
,,,38.91999817,16.2000008,
,,,38.93999863,16.3999996,
,,,38.95999908,16.2000008,
,,,38.97999954,16.0000000,
,,,39.00000000,16.3999996,
,,,39.02000046,16.2000008,
,,,39.04000092,16.3999996,
,,,39.05999756,16.6000004,
,,,39.07999802,16.6000004,
,,,39.09999847,16.6000004,
,,,39.11999893,16.8000011,
,,,39.13999939,16.6000004,
,,,39.15999985,16.6000004,
,,,39.18000031,16.6000004,
,,,39.20000076,16.8000011,
,,,39.21999741,16.8000011,
,,,39.23999786,16.8000011,
,,,39.25999832,16.8000011,
,,,39.27999878,16.6000004,
,,,39.29999924,16.8000011,
,,,39.31999969,16.8000011,
,,,39.34000015,16.8000011,
,,,39.36000061,16.8000011,
,,,39.37999725,16.6000004,
,,,39.39999771,16.8000011,
,,,39.41999817,16.8000011,
,,,39.43999863,16.8000011,
,,,39.45999908,16.8000011,
,,,39.47999954,16.8000011,
,,,39.50000000,16.8000011,
,,,39.52000046,16.8000011,
,,,39.54000092,16.8000011,
,,,39.55999756,16.8000011,
,,,39.57999802,16.8000011,
,,,39.59999847,16.6000004,
,,,39.61999893,16.6000004,
,,,39.63999939,16.6000004,
,,,39.65999985,16.6000004,
,,,39.68000031,16.6000004,
,,,39.70000076,16.6000004,
,,,39.71999741,16.6000004,
,,,39.73999786,16.3999996,
,,,39.75999832,16.2000008,
,,,39.77999878,16.3999996,
,,,39.79999924,16.3999996,
,,,39.81999969,16.2000008,
,,,39.84000015,16.2000008,
,,,39.86000061,16.2000008,
,,,39.87999725,16.2000008,
,,,39.89999771,16.3999996,
,,,39.91999817,16.3999996,
,,,39.93999863,16.3999996,
,,,39.95999908,16.2000008,
,,,39.97999954,16.3999996,
,,,40.00000000,16.3999996,
,,,40.02000046,16.2000008,
,,,40.04000092,16.3999996,
,,,40.05999756,16.2000008,
,,,40.07999802,16.3999996,
,,,40.09999847,16.3999996,
,,,40.11999893,16.3999996,
,,,40.13999939,16.3999996,
,,,40.15999985,16.6000004,
,,,40.18000031,16.3999996,
,,,40.20000076,16.6000004,
,,,40.21999741,16.6000004,
,,,40.23999786,16.3999996,
,,,40.25999832,16.6000004,
,,,40.27999878,16.6000004,
,,,40.29999924,16.6000004,
,,,40.31999969,16.6000004,
,,,40.34000015,16.8000011,
,,,40.36000061,16.6000004,
,,,40.37999725,16.6000004,
,,,40.39999771,16.8000011,
,,,40.41999817,16.8000011,
,,,40.43999863,16.6000004,
,,,40.45999908,16.6000004,
,,,40.47999954,16.8000011,
,,,40.50000000,16.8000011,
,,,40.52000046,16.6000004,
,,,40.54000092,16.8000011,
,,,40.55999756,16.8000011,
,,,40.57999802,16.8000011,
,,,40.59999847,16.8000011,
,,,40.61999893,16.8000011,
,,,40.63999939,16.6000004,
,,,40.65999985,16.6000004,
,,,40.68000031,16.8000011,
,,,40.70000076,16.6000004,
,,,40.71999741,16.8000011,
,,,40.73999786,16.8000011,
,,,40.75999832,16.6000004,
,,,40.77999878,16.3999996,
,,,40.79999924,16.6000004,
,,,40.81999969,16.6000004,
,,,40.84000015,16.6000004,
,,,40.86000061,16.3999996,
,,,40.87999725,16.3999996,
,,,40.89999771,16.3999996,
,,,40.91999817,16.3999996,
,,,40.93999863,16.6000004,
,,,40.95999908,16.3999996,
,,,40.97999954,16.6000004,
,,,41.00000000,16.3999996,
,,,41.02000046,16.3999996,
,,,41.04000092,16.2000008,
,,,41.05999756,16.2000008,
,,,41.07999802,16.3999996,
,,,41.09999847,16.3999996,
,,,41.11999893,16.3999996,
,,,41.13999939,16.3999996,
,,,41.15999985,16.0000000,
,,,41.18000031,16.3999996,
,,,41.20000076,16.2000008,
,,,41.21999741,16.3999996,
,,,41.23999786,16.3999996,
,,,41.25999832,16.3999996,
,,,41.27999878,16.3999996,
,,,41.29999924,16.3999996,
,,,41.31999969,16.3999996,
,,,41.34000015,16.6000004,
,,,41.36000061,16.3999996,
,,,41.37999725,16.6000004,
,,,41.39999771,16.6000004,
,,,41.41999817,16.6000004,
,,,41.43999863,16.6000004,
,,,41.45999908,16.6000004,
,,,41.47999954,16.6000004,
,,,41.50000000,16.6000004,
,,,41.52000046,16.8000011,
,,,41.54000092,16.6000004,
,,,41.55999756,16.8000011,
,,,41.57999802,16.6000004,
,,,41.59999847,16.8000011,
,,,41.61999893,16.6000004,
,,,41.63999939,16.8000011,
,,,41.65999985,16.6000004,
,,,41.68000031,16.8000011,
,,,41.70000076,16.8000011,
,,,41.71999741,16.8000011,
,,,41.73999786,16.8000011,
,,,41.75999832,16.8000011,
,,,41.77999878,16.8000011,
,,,41.79999924,16.8000011,
,,,41.81999969,16.6000004,
,,,41.84000015,16.8000011,
,,,41.86000061,16.6000004,
,,,41.87999725,16.6000004,
,,,41.89999771,16.6000004,
,,,41.91999817,16.8000011,
,,,41.93999863,16.6000004,
,,,41.95999908,16.3999996,
,,,41.97999954,16.6000004,
,,,42.00000000,16.6000004,
,,,42.02000046,16.6000004,
,,,42.04000092,16.6000004,
,,,42.05999756,16.6000004,
,,,42.07999802,16.6000004,
,,,42.09999847,16.3999996,
,,,42.11999893,16.3999996,
,,,42.13999939,16.3999996,
,,,42.15999985,16.6000004,
,,,42.18000031,16.3999996,
,,,42.20000076,16.6000004,
,,,42.21999741,16.6000004,
,,,42.23999786,16.3999996,
,,,42.25999832,16.2000008,
,,,42.27999878,16.2000008,
,,,42.29999924,16.3999996,
,,,42.31999969,16.3999996,
,,,42.34000015,16.6000004,
,,,42.36000061,16.3999996,
,,,42.37999725,16.3999996,
,,,42.39999771,16.3999996,
,,,42.41999817,16.6000004,
,,,42.43999863,16.3999996,
,,,42.45999908,16.3999996,
,,,42.47999954,16.6000004,
,,,42.50000000,16.6000004,
,,,42.52000046,16.3999996,
,,,42.54000092,16.3999996,
,,,42.55999756,16.3999996,
,,,42.57999802,16.6000004,
,,,42.59999847,16.6000004,
,,,42.61999893,16.6000004,
,,,42.63999939,16.6000004,
,,,42.65999985,16.6000004,
,,,42.68000031,16.6000004,
,,,42.70000076,16.6000004,
,,,42.71999741,16.8000011,
,,,42.73999786,16.6000004,
,,,42.75999832,16.6000004,
,,,42.77999878,16.6000004,
,,,42.79999924,16.8000011,
,,,42.81999969,16.6000004,
,,,42.84000015,16.6000004,
,,,42.86000061,16.6000004,
,,,42.87999725,16.6000004,
,,,42.89999771,16.6000004,
,,,42.91999817,16.8000011,
,,,42.93999863,16.6000004,
,,,42.95999908,16.6000004,
,,,42.97999954,16.6000004,
,,,43.00000000,16.6000004,
,,,43.02000046,16.8000011,
,,,43.04000092,16.6000004,
,,,43.05999756,16.6000004,
,,,43.07999802,16.6000004,
,,,43.09999847,16.6000004,
,,,43.11999893,16.6000004,
,,,43.13999939,16.3999996,
,,,43.15999985,16.3999996,
,,,43.18000031,16.6000004,
,,,43.20000076,16.6000004,
,,,43.21999741,16.6000004,
,,,43.23999786,16.6000004,
,,,43.25999832,16.6000004,
,,,43.27999878,16.6000004,
,,,43.29999924,16.6000004,
,,,43.31999969,16.3999996,
,,,43.34000015,16.3999996,
,,,43.36000061,16.6000004,
,,,43.37999725,16.3999996,
,,,43.39999771,16.3999996,
,,,43.41999817,16.6000004,
,,,43.43999863,16.3999996,
,,,43.45999908,16.3999996,
,,,43.47999954,16.6000004,
,,,43.50000000,16.3999996,
,,,43.52000046,16.3999996,
,,,43.54000092,16.3999996,
,,,43.55999756,16.3999996,
,,,43.57999802,16.3999996,
,,,43.59999847,16.6000004,
,,,43.61999893,16.3999996,
,,,43.63999939,16.6000004,
,,,43.65999985,16.3999996,
,,,43.68000031,16.6000004,
,,,43.70000076,16.6000004,
,,,43.71999741,16.6000004,
,,,43.73999786,16.3999996,
,,,43.75999832,16.6000004,
,,,43.77999878,16.6000004,
,,,43.79999924,16.6000004,
,,,43.81999969,16.8000011,
,,,43.84000015,16.8000011,
,,,43.86000061,16.3999996,
,,,43.87999725,16.6000004,
,,,43.89999771,16.8000011,
,,,43.91999817,16.6000004,
,,,43.93999863,16.6000004,
,,,43.95999908,16.6000004,
,,,43.97999954,16.6000004,
,,,44.00000000,16.6000004,
,,,44.02000046,16.8000011,
,,,44.04000092,16.6000004,
,,,44.05999756,16.6000004,
,,,44.07999802,16.8000011,
,,,44.09999847,16.6000004,
,,,44.11999893,16.6000004,
,,,44.13999939,16.8000011,
,,,44.15999985,16.6000004,
,,,44.18000031,16.6000004,
,,,44.20000076,16.6000004,
,,,44.21999741,16.6000004,
,,,44.23999786,16.6000004,
,,,44.25999832,16.6000004,
,,,44.27999878,16.6000004,
,,,44.29999924,16.6000004,
,,,44.31999969,16.6000004,
,,,44.34000015,16.6000004,
,,,44.36000061,16.3999996,
,,,44.37999725,16.3999996,
,,,44.39999771,16.6000004,
,,,44.41999817,16.6000004,
,,,44.43999863,16.6000004,
,,,44.45999908,16.3999996,
,,,44.47999954,16.3999996,
,,,44.50000000,16.6000004,
,,,44.52000046,16.3999996,
,,,44.53999710,16.3999996,
,,,44.55999756,16.3999996,
,,,44.57999802,16.6000004,
,,,44.59999847,16.3999996,
,,,44.61999893,16.3999996,
,,,44.63999939,16.2000008,
,,,44.65999985,16.3999996,
,,,44.68000031,16.3999996,
,,,44.70000076,16.3999996,
,,,44.71999741,16.6000004,
,,,44.73999786,-12.4000006,
,,,44.75999832,-12.4000006,
,,,44.77999878,-12.4000006,
,,,44.79999924,-12.4000006,
,,,44.81999969,-12.4000006,
,,,44.84000015,-12.4000006,
,,,44.86000061,-12.4000006,
,,,44.87999725,-12.4000006,
,,,44.89999771,-12.4000006,
,,,44.91999817,-12.4000006,
,,,44.93999863,-12.4000006,
,,,44.95999908,-12.4000006,
,,,44.97999954,-12.4000006,
,,,45.00000000,-12.4000006,
,,,45.02000046,-12.4000006,
,,,45.03999710,-12.4000006,
,,,45.05999756,-12.4000006,
,,,45.07999802,-12.4000006,
,,,45.09999847,-12.4000006,
,,,45.11999893,-12.4000006,
,,,45.13999939,-12.4000006,
,,,45.15999985,-12.4000006,
,,,45.18000031,-12.4000006,
,,,45.20000076,-12.4000006,
,,,45.21999741,-12.4000006,
,,,45.23999786,-12.4000006,
,,,45.25999832,-12.4000006,
,,,45.27999878,-12.4000006,
,,,45.29999924,-12.4000006,
,,,45.31999969,-12.4000006,
,,,45.34000015,-12.4000006,
,,,45.36000061,-12.4000006,
,,,45.37999725,-12.4000006,
,,,45.39999771,-12.4000006,
,,,45.41999817,-12.4000006,
,,,45.43999863,-12.4000006,
,,,45.45999908,-12.4000006,
,,,45.47999954,-12.4000006,
,,,45.50000000,-12.4000006,
,,,45.52000046,-12.4000006,
,,,45.53999710,-12.4000006,
,,,45.55999756,-12.4000006,
,,,45.57999802,-12.4000006,
,,,45.59999847,-12.4000006,
,,,45.61999893,-12.4000006,
,,,45.63999939,-12.4000006,
,,,45.65999985,-12.4000006,
,,,45.68000031,-12.4000006,
,,,45.70000076,-12.4000006,
,,,45.71999741,-12.4000006,
,,,45.73999786,-12.4000006,
,,,45.75999832,-12.4000006,
,,,45.77999878,-12.4000006,
,,,45.79999924,-12.4000006,
,,,45.81999969,-12.4000006,
,,,45.84000015,-12.4000006,
,,,45.86000061,-12.4000006,
,,,45.87999725,-12.4000006,
,,,45.89999771,-12.4000006,
,,,45.91999817,-12.4000006,
,,,45.93999863,-12.4000006,
,,,45.95999908,-12.4000006,
,,,45.97999954,-12.4000006,
,,,46.00000000,-12.4000006,
,,,46.02000046,-12.4000006,
,,,46.03999710,-12.4000006,
,,,46.05999756,-12.4000006,
,,,46.07999802,-12.4000006,
,,,46.09999847,-12.4000006,
,,,46.11999893,-12.4000006,
,,,46.13999939,-12.4000006,
,,,46.15999985,-12.4000006,
,,,46.18000031,-12.4000006,
,,,46.20000076,-12.4000006,
,,,46.21999741,-12.4000006,
,,,46.23999786,-12.4000006,
,,,46.25999832,-12.4000006,
,,,46.27999878,-12.4000006,
,,,46.29999924,-12.4000006,
,,,46.31999969,-12.4000006,
,,,46.34000015,-12.4000006,
,,,46.36000061,-12.4000006,
,,,46.37999725,-12.4000006,
,,,46.39999771,-12.4000006,
,,,46.41999817,-12.4000006,
,,,46.43999863,-12.4000006,
,,,46.45999908,-12.4000006,
,,,46.47999954,-12.4000006,
,,,46.50000000,-12.4000006,
,,,46.52000046,-12.4000006,
,,,46.53999710,-12.4000006,
,,,46.55999756,-12.4000006,
,,,46.57999802,-12.4000006,
,,,46.59999847,-12.4000006,
,,,46.61999893,-12.4000006,
,,,46.63999939,-12.4000006,
,,,46.65999985,-12.4000006,
,,,46.68000031,-12.4000006,
,,,46.70000076,-12.4000006,
,,,46.71999741,-12.4000006,
,,,46.73999786,-12.4000006,
,,,46.75999832,-12.4000006,
,,,46.77999878,-12.4000006,
,,,46.79999924,-12.4000006,
,,,46.81999969,-12.4000006,
,,,46.84000015,-12.4000006,
,,,46.86000061,-12.4000006,
,,,46.87999725,-12.4000006,
,,,46.89999771,-12.4000006,
,,,46.91999817,-12.4000006,
,,,46.93999863,-12.4000006,
,,,46.95999908,-12.4000006,
,,,46.97999954,-12.4000006,
,,,47.00000000,-12.4000006,
,,,47.02000046,-12.4000006,
,,,47.03999710,-12.4000006,
,,,47.05999756,-12.4000006,
,,,47.07999802,-12.4000006,
,,,47.09999847,-12.4000006,
,,,47.11999893,-12.4000006,
,,,47.13999939,-12.4000006,
,,,47.15999985,-12.4000006,
,,,47.18000031,-12.4000006,
,,,47.20000076,-12.4000006,
,,,47.21999741,-12.4000006,
,,,47.23999786,-12.4000006,
,,,47.25999832,-12.4000006,
,,,47.27999878,-12.4000006,
,,,47.29999924,-12.4000006,
,,,47.31999969,-12.4000006,
,,,47.34000015,-12.4000006,
,,,47.36000061,-12.4000006,
,,,47.37999725,-12.4000006,
,,,47.39999771,-12.4000006,
,,,47.41999817,-12.4000006,
,,,47.43999863,-12.4000006,
,,,47.45999908,-12.4000006,
,,,47.47999954,-12.4000006,
,,,47.50000000,-12.4000006,
,,,47.52000046,-12.4000006,
,,,47.53999710,-12.4000006,
,,,47.55999756,-12.4000006,
,,,47.57999802,-12.4000006,
,,,47.59999847,-12.4000006,
,,,47.61999893,-12.4000006,
,,,47.63999939,-12.4000006,
,,,47.65999985,-12.4000006,
,,,47.68000031,-12.4000006,
,,,47.70000076,-12.4000006,
,,,47.71999741,-12.4000006,
,,,47.73999786,-12.4000006,
,,,47.75999832,-12.4000006,
,,,47.77999878,-12.4000006,
,,,47.79999924,-12.4000006,
,,,47.81999969,-12.4000006,
,,,47.84000015,-12.4000006,
,,,47.86000061,-12.4000006,
,,,47.87999725,-12.4000006,
,,,47.89999771,-12.4000006,
,,,47.91999817,-12.4000006,
,,,47.93999863,-12.4000006,
,,,47.95999908,-12.4000006,
,,,47.97999954,-12.4000006,
,,,48.00000000,-12.4000006,
,,,48.02000046,-12.4000006,
,,,48.03999710,-12.4000006,
,,,48.05999756,-12.4000006,
,,,48.07999802,-12.4000006,
,,,48.09999847,-12.4000006,
,,,48.11999893,-12.4000006,
,,,48.13999939,-12.4000006,
,,,48.15999985,-12.4000006,
,,,48.18000031,-12.4000006,
,,,48.20000076,-12.4000006,
,,,48.21999741,-12.4000006,
,,,48.23999786,-12.4000006,
,,,48.25999832,-12.4000006,
,,,48.27999878,-12.4000006,
,,,48.29999924,-12.4000006,
,,,48.31999969,-12.4000006,
,,,48.34000015,-12.4000006,
,,,48.36000061,-12.4000006,
,,,48.37999725,-12.4000006,
,,,48.39999771,-12.4000006,
,,,48.41999817,-12.4000006,
,,,48.43999863,-12.4000006,
,,,48.45999908,-12.4000006,
,,,48.47999954,-12.4000006,
,,,48.50000000,-12.4000006,
,,,48.52000046,-12.4000006,
,,,48.53999710,-12.4000006,
,,,48.55999756,-12.4000006,
,,,48.57999802,-12.4000006,
,,,48.59999847,-12.4000006,
,,,48.61999893,-12.4000006,
,,,48.63999939,-12.4000006,
,,,48.65999985,-12.4000006,
,,,48.68000031,-12.4000006,
,,,48.70000076,-12.4000006,
,,,48.71999741,-12.4000006,
,,,48.73999786,-12.4000006,
,,,48.75999832,-12.4000006,
,,,48.77999878,-12.4000006,
,,,48.79999924,-12.4000006,
,,,48.81999969,-12.4000006,
,,,48.84000015,-12.4000006,
,,,48.86000061,-12.4000006,
,,,48.87999725,-12.4000006,
,,,48.89999771,-12.4000006,
,,,48.91999817,-12.4000006,
,,,48.93999863,-12.4000006,
,,,48.95999908,-12.4000006,
,,,48.97999954,-12.4000006,
,,,49.00000000,-12.4000006,
,,,49.02000046,-12.4000006,
,,,49.03999710,-12.4000006,
,,,49.05999756,-12.4000006,
,,,49.07999802,-12.4000006,
,,,49.09999847,-12.4000006,
,,,49.11999893,-12.4000006,
,,,49.13999939,-12.4000006,
,,,49.15999985,-12.4000006,
,,,49.18000031,-12.4000006,
,,,49.20000076,-12.4000006,
,,,49.21999741,-12.4000006,
,,,49.23999786,-12.4000006,
,,,49.25999832,-12.4000006,
,,,49.27999878,-12.4000006,
,,,49.29999924,-12.4000006,
,,,49.31999969,-12.4000006,
,,,49.34000015,-12.4000006,
,,,49.36000061,-12.4000006,
,,,49.37999725,-12.4000006,
,,,49.39999771,-12.4000006,
,,,49.41999817,-12.4000006,
,,,49.43999863,-12.4000006,
,,,49.45999908,-12.4000006,
,,,49.47999954,-12.4000006,
,,,49.50000000,-12.4000006,
,,,49.52000046,-12.4000006,
,,,49.53999710,-12.4000006,
,,,49.55999756,-12.4000006,
,,,49.57999802,-12.4000006,
,,,49.59999847,-12.4000006,
,,,49.61999893,-12.4000006,
,,,49.63999939,-12.4000006,
,,,49.65999985,-12.4000006,
,,,49.68000031,-12.4000006,
,,,49.70000076,-12.4000006,
,,,49.71999741,-12.4000006,
,,,49.73999786,-12.4000006,
,,,49.75999832,-12.4000006,
,,,49.77999878,-12.4000006,
,,,49.79999924,-12.4000006,
,,,49.81999969,-12.4000006,
,,,49.84000015,-12.4000006,
,,,49.86000061,-12.4000006,
,,,49.87999725,-12.4000006,
,,,49.89999771,-12.4000006,
,,,49.91999817,-12.4000006,
,,,49.93999863,-12.4000006,
,,,49.95999908,-12.4000006,
,,,49.97999954,-12.4000006,
