Tiempo (s),Voltaje Pico-Pico (V),Ajuste (V),Residuales (V)
6.0000000000,23.3999996200,23.5287618241,-0.1287622041
6.0199999800,22.2000007600,22.3842472297,-0.1842464697
6.0399999600,21.3999996200,21.1908878866,0.2091117334
6.0599999400,19.8000011000,19.9634072625,-0.1634061625
6.0799999200,18.6000004000,18.7166746177,-0.1166742177
6.0999999000,17.3999996000,17.4655294513,-0.0655298513
6.1199998900,16.3999996000,16.2246086756,0.1753909244
6.1399998700,15.0000000000,15.0081821735,-0.0081821735
6.1599998500,13.8000002000,13.8299892895,-0.0299890895
6.1799998300,12.8000002000,12.7030904280,0.0969097720
6.1999998100,11.6000004000,11.6397260200,-0.0397256200
6.2199997900,10.8000002000,10.6511880527,0.1488121473
6.2399997700,9.8000001910,9.7477048324,0.0522953586
6.2599997500,8.8000001910,8.9383400949,-0.1383399039
6.2799997300,8.4000005720,8.2309073919,0.1690931801
6.2999997100,7.5999999050,7.6319004911,-0.0319005861
6.3199996900,7.2000002900,7.1464403249,0.0535599651
6.3399996800,6.5999999000,6.7782386688,-0.1782387688
6.3599996600,6.4000001000,6.5295796692,-0.1295795692
6.3799996400,6.4000001000,6.4013165361,-0.0013164361
6.3999996200,6.4000001000,6.3928868250,0.0071132750
6.4200000800,6.4000001000,6.5023469582,-0.1023468582
6.4400000600,6.5999999000,6.7264051680,-0.1264052680
6.4600000400,7.0000000000,7.0604984852,-0.0604984852
6.4800000200,7.4000000950,7.4988599250,-0.0988598300
6.5000000000,7.8000001910,8.0346073657,-0.2346071747
6.5199999800,8.6000003810,8.6598426871,-0.0598423061
6.5399999600,9.4000005720,9.3657610416,0.0342395304
6.5599999400,10.0000000000,10.1427688143,-0.1427688143
6.5799999200,11.0000000000,10.9806087488,0.0193912512
6.5999999000,11.8000002000,11.8684906617,-0.0684904617
6.6199998900,12.8000002000,12.7952265996,0.0047736004
6.6399998700,13.6000004000,13.7493659869,-0.1493655869
6.6599998500,14.8000002000,14.7193361374,0.0806640626
6.6799998300,15.8000002000,15.6935772227,0.1064229773
6.6999998100,16.6000004000,16.6606770458,-0.0606766458
6.7199997900,17.8000011000,17.6095013484,0.1904997516
6.7399997700,18.6000004000,18.5293186586,0.0706817414
6.7599997500,19.2000008000,19.4099183199,-0.2099175199
6.7799997300,20.2000007600,20.2417204426,-0.0417196826
6.7999997100,21.2000007600,21.0158766375,0.1841241225
6.8199996900,21.8000011400,21.7243605150,0.0756406250
6.8399996800,22.2000007600,22.3600473716,-0.1600466116
6.8599996600,22.8000011400,22.9167804951,-0.1167793551
6.8799996400,23.3999996200,23.3894281866,0.0105714334
6.8999996200,23.8000011400,23.7739246997,0.0260764403
6.9200000800,24.0000000000,24.0673056260,-0.0673056260
6.9400000600,24.0000000000,24.2676978007,-0.2676978007
6.9600000400,24.3999996200,24.3743642817,0.0256353383
6.9800000200,24.3999996200,24.3876635853,0.0123360347
7.0000000000,24.0000000000,24.3090348166,-0.3090348166
7.0199999800,24.2000007600,24.1409624736,0.0590382864
7.0399999600,23.8000011400,23.8869296829,-0.0869285429
7.0599999400,23.6000003800,23.5513606117,0.0486397683
7.0799999200,23.0000000000,23.1395529098,-0.1395529098
7.0999999000,22.3999996200,22.6576011381,-0.2576015181
7.1199998900,22.0000000000,22.1123119420,-0.1123119420
7.1399998700,21.3999996200,21.5111137865,-0.1111141665
7.1599998500,21.0000000000,20.8619582601,0.1380417399
7.1799998300,20.0000000000,20.1732196408,-0.1732196408
7.1999998100,19.3999996000,19.4535899583,-0.0535903583
7.2199997900,18.6000004000,18.7119724025,-0.1119720025
7.2399997700,17.8000011000,17.9573740934,-0.1573729934
7.2599997500,17.2000008000,17.1987994722,0.0012013278
7.2799997300,16.3999996000,16.4451455434,-0.0451459434
7.2999997100,15.8000002000,15.7051001557,0.0949000443
7.3199996900,15.1999998000,14.9870444543,0.2129553457
7.3399996800,14.4000006000,14.2989602319,0.1010403681
7.3599996600,13.6000004000,13.6483451975,-0.0483447975
7.3799996400,13.1999998000,13.0421319297,0.1578678703
7.3999996190,12.4000006000,12.4866182350,-0.0866176350
7.4199995990,12.0000000000,11.9874042296,0.0125957704
7.4400000570,11.6000004000,11.5493295297,0.0506708703
7.4600000380,11.1999998000,11.1764699179,0.0235298821
7.4800000190,10.8000002000,10.8720408352,-0.0720406352
7.5000000000,10.6000004000,10.6384173648,-0.0384169648
7.5199999810,10.4000006000,10.4771099307,-0.0771093307
7.5399999620,10.4000006000,10.3887614787,0.0112391213
7.5599999430,10.1999998000,10.3731548017,-0.1731550017
7.5799999240,10.4000006000,10.4292297522,-0.0292291522
7.5999999050,10.4000006000,10.5551099711,-0.1551093711
7.6199998860,10.8000002000,10.7481386606,0.0518615394
7.6399998660,10.8000002000,11.0049228163,-0.2049226163
7.6599998470,11.4000006000,11.3213853398,0.0786152602
7.6799998280,11.6000004000,11.6928240956,-0.0928236956
7.6999998090,12.1999998000,12.1139773566,0.0860224434
7.7199997900,12.6000004000,12.5790945884,0.0209058116
7.7399997710,13.0000000000,13.0820117244,-0.0820117244
7.7599997520,13.6000004000,13.6162299698,-0.0162295698
7.7799997330,14.1999998000,14.1749971558,0.0250026442
7.7999997140,14.6000004000,14.7513906543,-0.1513902543
7.8199996950,15.4000006000,15.3384008609,0.0615997391
7.8399996760,16.0000000000,15.9290142653,0.0709857347
7.8599996570,16.6000004000,16.5162951487,0.0837052513
7.8799996380,17.2000008000,17.0934649816,0.1065358184
7.8999996190,17.6000004000,17.6539786361,-0.0539782361
7.9199995990,18.2000008000,18.1915965546,0.0084042454
7.9400000570,18.6000004000,18.7004640114,-0.1004636114
7.9600000380,19.2000008000,19.1751249906,0.0248758094
7.9800000190,19.3999996000,19.6106511032,-0.2106515032
8.0000000000,20.0000000000,20.0026413003,-0.0026413003
8.0199995040,20.3999996200,20.3472687550,0.0527308650
8.0399999620,20.8000011400,20.6413535226,0.1586476174
8.0599994660,20.8000011400,20.8823079178,-0.0823067778
8.0799999240,21.2000007600,21.0682570948,0.1317436652
8.0999994280,21.2000007600,21.1979583077,0.0020424523
8.1199998860,21.0000000000,21.2708743678,-0.2708743678
8.1399993900,21.2000007600,21.2871191363,-0.0871183763
8.1599998470,21.2000007600,21.2474725271,-0.0474717671
8.1799993520,21.2000007600,21.1533538353,0.0466469247
8.1999998090,21.2000007600,21.0067796100,0.1932211500
8.2200002670,21.0000000000,20.8103545599,0.1896454401
8.2399997710,20.6000003800,20.5672287031,0.0327716769
8.2600002290,20.3999996200,20.2810062144,0.1189934056
8.2799997330,20.0000000000,19.9557810616,0.0442189384
8.3000001910,19.3999996000,19.5959738507,-0.1959742507
8.3199996950,19.2000008000,19.2063965679,-0.0063957679
8.3400001530,18.6000004000,18.7920551612,-0.1920547612
8.3599996570,18.3999996000,18.3582338651,0.0417657349
8.3800001140,18.0000000000,17.9102737864,0.0897262136
8.3999996190,17.6000004000,17.4536721545,0.1463282455
8.4200000760,17.0000000000,16.9938481203,0.0061518797
8.4399995800,16.6000004000,16.5362517579,0.0637486421
8.4600000380,16.0000000000,16.0861280821,-0.0861280821
8.4799995420,15.6000004000,15.6486308425,-0.0486304425
8.5000000000,15.1999998000,15.2285954624,-0.0285956624
8.5199995040,14.8000002000,14.8306521377,-0.0306519377
8.5399999620,14.6000004000,14.4590180439,0.1409823561
8.5599994660,14.0000000000,14.1176044482,-0.1176044482
8.5799999240,13.8000002000,13.8098371175,-0.0098369175
8.5999994280,13.6000004000,13.5387527165,0.0612476835
8.6199998860,13.4000006000,13.3068547275,0.0931458725
8.6399993900,13.0000000000,13.1161950609,-0.1161950609
8.6599998470,13.0000000000,12.9682709222,0.0317290778
8.6799993520,13.0000000000,12.8640883474,0.1359116526
8.6999998090,12.6000004000,12.8041034308,-0.2041030308
8.7200002670,12.8000002000,12.7882657509,0.0117344491
8.7399997710,12.8000002000,12.8160036418,-0.0160034418
8.7600002290,13.0000000000,12.8862529686,0.1137470314
8.7799997330,13.0000000000,12.9974637743,0.0025362257
8.8000001910,13.0000000000,13.1476528425,-0.1476528425
8.8199996950,13.4000006000,13.3343925957,0.0656080043
8.8400001530,13.4000006000,13.5549031223,-0.1549025223
8.8599996570,13.8000002000,13.8060206587,-0.0060204587
8.8800001140,14.0000000000,14.0843234939,-0.0843234939
8.8999996190,14.1999998000,14.3860822500,-0.1860824500
8.9200000760,14.8000002000,14.7074125895,0.0925876105
8.9399995800,15.0000000000,15.0442102689,-0.0442102689
8.9600000380,15.6000004000,15.3923228414,0.2076775586
8.9799995420,16.0000000000,15.7474727318,0.2525272682
9.0000000000,16.0000000000,16.1054395417,-0.1054395417
9.0199995040,16.3999996000,16.4619751460,-0.0619755460
9.0399999620,16.8000011000,16.8129877178,-0.0129866178
9.0599994660,17.0000000000,17.1544530986,-0.1544530986
9.0799999240,17.3999996000,17.4825920012,-0.0825924012
9.0999994280,17.8000011000,17.7937818585,0.0062192415
9.1199998860,18.2000008000,18.0847192788,0.1152815212
9.1399993900,18.3999996000,18.3523364156,0.0476631844
9.1599998470,18.8000011000,18.5939416858,0.2060594142
9.1799993520,18.8000011000,18.8071444124,-0.0071433124
9.1999998090,18.8000011000,18.9899679662,-0.1899668662
9.2200002670,19.0000000000,19.1407923187,-0.1407923187
9.2399997710,19.2000008000,19.2584033938,-0.0584025938
9.2600002290,19.3999996000,19.3420103510,0.0579892490
9.2799997330,19.2000008000,19.3912127161,-0.1912119161
9.3000001910,19.2000008000,19.4060297752,-0.2060289752
9.3199996950,19.6000004000,19.3868746759,0.2131257241
9.3400001530,19.2000008000,19.3345485194,-0.1345477194
9.3599996570,19.2000008000,19.2502315186,-0.0502307186
9.3800001140,19.0000000000,19.1354432619,-0.1354432619
9.3999996190,18.8000011000,18.9920507240,-0.1920496240
9.4200000760,18.8000011000,18.8221977380,-0.0221966380
9.4399995800,18.8000011000,18.6283288822,0.1716722178
9.4600000380,18.3999996000,18.4130923953,-0.0130927953
9.4799995420,18.2000008000,18.1793784248,0.0206223752
9.5000000000,17.8000011000,17.9302006719,-0.1301995719
9.5199995040,17.6000004000,17.6687467324,-0.0687463324
9.5399999620,17.3999996000,17.3982447051,0.0017548949
9.5599994660,17.0000000000,17.1220228610,-0.1220228610
9.5799999240,16.8000011000,16.8433678700,-0.0433667700
9.5999994280,16.3999996000,16.5655907376,-0.1655911376
9.6199998860,16.2000008000,16.2918834582,-0.0918826582
9.6399993900,16.0000000000,16.0253879717,-0.0253879717
9.6599998470,15.8000002000,15.7690579075,0.0309422925
9.6799993520,15.6000004000,15.5257272227,0.0742731773
9.6999998090,15.1999998000,15.2979833383,-0.0979835383
9.7199993130,15.0000000000,15.0882322620,-0.0882322620
9.7399997710,15.0000000000,14.8985884517,0.1014115483
9.7600002290,14.8000002000,14.7309263041,0.0690738959
9.7799997330,14.6000004000,14.5868283742,0.0131720258
9.8000001910,14.4000006000,14.4675560208,-0.0675554208
9.8199996950,14.4000006000,14.3740848696,0.0259157304
9.8400001530,14.1999998000,14.3070535965,-0.1070537965
9.8599996570,14.1999998000,14.2667973228,-0.0667975228
9.8800001140,14.1999998000,14.2533237264,-0.0533239264
9.8999996190,14.1999998000,14.2663336825,-0.0663338825
9.9200000760,14.4000006000,14.3052248748,0.0947757252
9.9399995800,14.4000006000,14.3690991730,0.0309014270
9.9600000380,14.6000004000,14.4567926401,0.1432077599
9.9799995420,14.4000006000,14.5668697449,-0.1668691449
10.0000000000,14.6000004000,14.6976775097,-0.0976771097
10.0199995000,14.8000002000,14.8473272344,-0.0473270344
10.0400000000,15.0000000000,15.0137699556,-0.0137699556
10.0599995000,15.1999998000,15.1947653615,0.0052344385
10.0799999000,15.4000006000,15.3879752199,0.0120253801
10.0999994000,15.6000004000,15.5909251123,0.0090752877
10.1199999000,16.0000000000,15.8011056675,0.1988943325
10.1399994000,16.0000000000,16.0159264370,-0.0159264370
10.1599998000,16.2000008000,16.2328279493,-0.0328271493
10.1799994000,16.3999996000,16.4492320083,-0.0492324083
10.1999998000,16.6000004000,16.6626454009,-0.0626450009
10.2199993000,16.8000011000,16.8706174033,-0.0706163033
10.2399998000,17.0000000000,17.0708397179,-0.0708397179
10.2600002000,17.2000008000,17.2611028203,-0.0611020203
10.2799997000,17.3999996000,17.4393554295,-0.0393558295
10.3000002000,17.3999996000,17.6037444697,-0.2037448697
10.3199997000,18.0000000000,17.7525770776,0.2474229224
10.3400002000,18.0000000000,17.8844011987,0.1155988013
10.3599997000,18.0000000000,17.9979598908,0.0020401092
10.3800001000,18.2000008000,18.0922540078,0.1077467922
10.3999996000,18.2000008000,18.1665065665,0.0334942335
10.4200001000,18.3999996000,18.2202022708,0.1797973292
10.4399996000,18.3999996000,18.2530617920,0.1469378080
10.4600000000,18.3999996000,18.2650616053,0.1349379947
10.4799995000,18.2000008000,18.2564170797,-0.0564162797
10.5000000000,18.2000008000,18.2275802967,-0.0275794967
10.5199995000,18.2000008000,18.1792344360,0.0207663640
10.5400000000,18.0000000000,18.1122704881,-0.1122704881
10.5599995000,18.0000000000,18.0277922805,-0.0277922805
10.5799999000,18.0000000000,17.9270742819,0.0729257181
10.5999994000,17.8000011000,17.8115749126,-0.0115738126
10.6199999000,17.6000004000,17.6828799057,-0.0828795057
10.6399994000,17.6000004000,17.5427250949,0.0572753051
10.6599998000,17.3999996000,17.3929243629,0.0070752371
10.6799994000,17.3999996000,17.2353983883,0.1646012117
10.6999998000,17.0000000000,17.0721001061,-0.0721001061
10.7199993000,17.0000000000,16.9050424099,0.0949575901
10.7399998000,16.6000004000,16.7362182226,-0.1362178226
10.7600002000,16.6000004000,16.5676317373,0.0323686627
10.7799997000,16.6000004000,16.4012477548,0.1987526452
10.8000002000,16.3999996000,16.2389496852,0.1610499148
10.8199997000,16.0000000000,16.0825727649,-0.0825727649
10.8400002000,16.0000000000,15.9338206026,0.0661793974
10.8599997000,15.8000002000,15.7943090261,0.0056911739
10.8800001000,15.6000004000,15.6654909546,-0.0654905546
10.8999996000,15.6000004000,15.5486945755,0.0513058245
10.9200001000,15.6000004000,15.4450632276,0.1549371724
10.9399996000,15.1999998000,15.3555885506,-0.1555887506
10.9600000000,15.1999998000,15.2810617997,-0.0810619997
10.9799995000,15.1999998000,15.2221018232,-0.0221020232
11.0000000000,15.1999998000,15.1791237137,0.0208760863
11.0199995000,15.1999998000,15.1523591015,0.0476406985
11.0400000000,15.1999998000,15.1418400801,0.0581597199
11.0599995000,15.1999998000,15.1474127862,0.0525870138
11.0799999000,15.1999998000,15.1687380531,0.0312617469
11.0999994000,15.1999998000,15.2052968708,-0.0052970708
11.1199999000,15.1999998000,15.2564072018,-0.0564074018
11.1399994000,15.4000006000,15.3212207230,0.0787798770
11.1599998000,15.1999998000,15.3987550934,-0.1987552934
11.1799994000,15.6000004000,15.4878843280,0.1121160720
11.1999998000,15.4000006000,15.5873801215,-0.1873795215
11.2199993000,15.6000004000,15.6958990605,-0.0958986605
11.2399998000,15.6000004000,15.8120342632,-0.2120338632
11.2599993000,15.8000002000,15.9342925643,-0.1342923643
11.2799997000,16.0000000000,16.0611578504,-0.0611578504
11.3000002000,16.2000008000,16.1910701846,0.0089306154
11.3199997000,16.3999996000,16.3224582140,0.0775413860
11.3400002000,16.3999996000,16.4537804433,-0.0537808433
11.3599997000,16.6000004000,16.5834965897,0.0165038103
11.3800001000,16.8000011000,16.7101364397,0.0898646603
11.3999996000,16.8000011000,16.8322673172,-0.0322662172
11.4200001000,16.8000011000,16.9485560961,-0.1485549961
11.4399996000,17.2000008000,17.0577375582,0.1422632418
11.4600000000,17.2000008000,17.1586725283,0.0413282717
11.4799995000,17.2000008000,17.2503180500,-0.0503172500
11.5000000000,17.3999996000,17.3317745417,0.0682250583
11.5199995000,17.3999996000,17.4022598391,-0.0022602391
11.5400000000,17.3999996000,17.4611477903,-0.0611481903
11.5599995000,17.6000004000,17.5079451729,0.0920552271
11.5799999000,17.6000004000,17.5423181778,0.0576822222
11.5999994000,17.3999996000,17.5640757873,-0.1640761873
11.6199999000,17.8000011000,17.5731820678,0.2268190322
11.6399994000,17.6000004000,17.5697461064,0.0302542936
11.6599998000,17.6000004000,17.5540217791,0.0459786209
11.6799994000,17.3999996000,17.5264031052,-0.1264035052
11.6999998000,17.3999996000,17.4874124192,-0.0874128192
11.7199993000,17.6000004000,17.4377010177,0.1622993823
11.7399998000,17.2000008000,17.3780257848,-0.1780249848
11.7599993000,17.2000008000,17.3092572578,-0.1092564578
11.7799997000,17.3999996000,17.2323447089,0.1676548911
11.8000002000,17.0000000000,17.1483248114,-0.1483248114
11.8199997000,17.0000000000,17.0583018575,-0.0583018575
11.8400002000,17.0000000000,16.9634172512,0.0365827488
11.8599997000,16.8000011000,16.8648677030,-0.0648666030
11.8800001000,16.8000011000,16.7638536136,0.0361474864
11.8999996000,16.6000004000,16.6616017167,-0.0616013167
11.9200001000,16.3999996000,16.5593136880,-0.1593140880
11.9399996000,16.6000004000,16.4581907591,0.1418096409
11.9600000000,16.2000008000,16.3593805506,-0.1593797506
11.9799995000,16.2000008000,16.2640023965,-0.0640015965
12.0000000000,16.2000008000,16.1730989247,0.0269018753
12.0199995000,16.0000000000,16.0876607347,-0.0876607347
12.0400000000,16.0000000000,16.0085805384,-0.0085805384
12.0599995000,16.0000000000,15.9366780082,0.0633219918
12.0799999000,15.8000002000,15.8726607121,-0.0726605121
12.0999994000,15.8000002000,15.8171448148,-0.0171446148
12.1199999000,15.8000002000,15.7706262093,0.0293739907
12.1399994000,15.6000004000,15.7334973176,-0.1334969176
12.1599998000,15.6000004000,15.7060264481,-0.1060260481
12.1799994000,15.6000004000,15.6883708335,-0.0883704335
12.1999998000,15.6000004000,15.6805670186,-0.0805666186
12.2199993000,15.8000002000,15.6825382317,0.1174619683
12.2399998000,15.6000004000,15.6940949125,-0.0940945125
12.2599993000,15.8000002000,15.7149377784,0.0850624216
12.2799997000,15.6000004000,15.7446675907,-0.1446671907
12.3000002000,15.8000002000,15.7827860834,0.0172141166
12.3199997000,16.0000000000,15.8287037548,0.1712962452
12.3400002000,15.8000002000,15.8817575420,-0.0817573420
12.3599997000,15.8000002000,15.9412028997,-0.1412026997
12.3800001000,16.0000000000,16.0062443388,-0.0062443388
12.3999996000,16.0000000000,16.0760235426,-0.0760235426
12.4200001000,16.3999996000,16.1496540268,0.2503455732
12.4399996000,16.2000008000,16.2262058013,-0.0262050013
12.4600000000,16.2000008000,16.3047451422,-0.1047443422
12.4799995000,16.2000008000,16.3843170352,-0.1843162352
12.5000000000,16.6000004000,16.4639851598,0.1360152402
12.5199995000,16.6000004000,16.5428127618,0.0571876382
12.5400000000,16.6000004000,16.6199044683,-0.0199040683
12.5599995000,16.8000011000,16.6943850426,0.1056160574
12.5799999000,16.6000004000,16.7654391608,-0.1654387608
12.5999994000,16.8000011000,16.8322920164,-0.0322909164
12.6199999000,16.8000011000,16.8942434471,-0.0942423471
12.6399994000,16.8000011000,16.9506499659,-0.1506488659
12.6599998000,17.0000000000,17.0009550289,-0.0009550289
12.6799994000,16.8000011000,17.0446730346,-0.2446719346
12.6999998000,16.8000011000,17.0814110381,-0.2814099381
12.7199993000,17.0000000000,17.1108575757,-0.1108575757
12.7399998000,17.2000008000,17.1327970931,0.0672037069
12.7599993000,17.2000008000,17.1471002268,0.0529005732
12.7799997000,17.0000000000,17.1537322593,-0.1537322593
12.7999992000,17.0000000000,17.1527463667,-0.1527463667
12.8199997000,17.0000000000,17.1442839242,-0.1442839242
12.8400002000,17.2000008000,17.1285709319,0.0714298681
12.8599997000,17.0000000000,17.1059153638,-0.1059153638
12.8800001000,17.0000000000,17.0766973615,-0.0766973615
12.8999996000,17.0000000000,17.0413716125,-0.0413716125
12.9200001000,16.8000011000,17.0004501949,-0.2004490949
12.9399996000,17.0000000000,16.9545089517,0.0454910483
12.9600000000,17.0000000000,16.9041640321,0.0958359679
12.9799995000,16.8000011000,16.8500810411,-0.0500799411
13.0000000000,16.8000011000,16.7929481827,0.0070529173
13.0199995000,16.6000004000,16.7334881237,-0.1334877237
13.0400000000,16.8000011000,16.6724268005,0.1275742995
13.0599995000,16.6000004000,16.6105082609,-0.0105078609
13.0799999000,16.6000004000,16.5484620285,0.0515383715
13.0999994000,16.3999996000,16.4870179416,-0.0870183416
13.1199999000,16.3999996000,16.4268751305,-0.0268755305
13.1399994000,16.3999996000,16.3687173124,0.0312822876
13.1599998000,16.2000008000,16.3131820498,-0.1131812498
13.1799994000,16.3999996000,16.2608756200,0.1391239800
13.1999998000,16.2000008000,16.2123475827,-0.0123467827
13.2199993000,16.3999996000,16.1681022923,0.2318973077
13.2399998000,16.2000008000,16.1285775038,0.0714232962
13.2599993000,15.8000002000,16.0941565584,-0.2941563584
13.2799997000,16.0000000000,16.0651496973,-0.0651496973
13.2999992000,16.0000000000,16.0418046791,-0.0418046791
13.3199997000,16.0000000000,16.0242944209,-0.0242944209
13.3400002000,16.0000000000,16.0127244156,-0.0127244156
13.3599997000,16.0000000000,16.0071280551,-0.0071280551
13.3800001000,16.2000008000,16.0074679298,0.1925328702
13.3999996000,16.0000000000,16.0136387157,-0.0136387157
13.4200001000,16.0000000000,16.0254696686,-0.0254696686
13.4399996000,16.0000000000,16.0427252961,-0.0427252961
13.4600000000,16.0000000000,16.0651137259,-0.0651137259
13.4799995000,16.2000008000,16.0922847709,0.1077160291
13.5000000000,16.0000000000,16.1238431156,-0.1238431156
13.5199995000,16.0000000000,16.1593434452,-0.1593434452
13.5400000000,16.3999996000,16.1983087673,0.2016908327
13.5599995000,16.2000008000,16.2402225717,-0.0402217717
13.5799999000,16.2000008000,16.2845505843,-0.0845497843
13.5999994000,16.2000008000,16.3307317269,-0.1307309269
13.6199999000,16.3999996000,16.3782011913,0.0217984087
13.6399994000,16.6000004000,16.4263798074,0.1736205926
13.6599998000,16.6000004000,16.4746992153,0.1253011847
13.6799994000,16.3999996000,16.5225905745,-0.1225909745
13.6999998000,16.6000004000,16.5695075517,0.0304928483
13.7199993000,16.6000004000,16.6149167902,-0.0149163902
13.7399998000,16.8000011000,16.6583197438,0.1416813562
13.7599993000,16.8000011000,16.6992412161,0.1007598839
13.7799997000,16.8000011000,16.7372511272,0.0627499728
13.7999992000,16.8000011000,16.7719534124,0.0280476876
13.8199997000,16.8000011000,16.8030038566,-0.0030027566
13.8400002000,17.0000000000,16.8301015953,0.1698984047
13.8599997000,16.8000011000,16.8529976621,-0.0529965621
13.8800001000,16.8000011000,16.8714994688,-0.0714983688
13.8999996000,17.0000000000,16.8854650472,0.1145349528
13.9200001000,17.0000000000,16.8948105633,0.1051894367
13.9399996000,17.0000000000,16.8995051934,0.1004948066
13.9600000000,17.0000000000,16.8995741666,0.1004258334
13.9799995000,17.0000000000,16.8950956393,0.1049043607
14.0000000000,16.8000011000,16.8861989172,-0.0861978172
14.0199995000,16.8000011000,16.8730638502,-0.0730627502
14.0400000000,16.8000011000,16.8559143801,-0.0559132801
14.0599995000,16.8000011000,16.8350203308,-0.0350192308
14.0799999000,16.8000011000,16.8106868882,-0.0106857882
14.0999994000,16.8000011000,16.7832581415,0.0167429585
14.1199999000,16.8000011000,16.7531035890,0.0468975110
14.1399994000,16.6000004000,16.7206237050,-0.1206233050
14.1599998000,16.8000011000,16.6862332012,0.1137678988
14.1799994000,16.6000004000,16.6503678328,-0.0503674328
14.1999998000,16.6000004000,16.6134673935,-0.0134669935
14.2199993000,16.6000004000,16.5759821371,0.0240182629
14.2399998000,16.6000004000,16.5383548304,0.0616455696
14.2599993000,16.6000004000,16.5010295523,0.0989708477
14.2799997000,16.6000004000,16.4644320850,0.1355683150
14.2999992000,16.6000004000,16.4289792075,0.1710211925
14.3199997000,16.3999996000,16.3950607113,0.0049388887
14.3400002000,16.3999996000,16.3630469767,0.0369526233
14.3599997000,16.3999996000,16.3332795433,0.0667200567
14.3800001000,16.2000008000,16.3060637285,-0.1060629285
14.3999996000,16.2000008000,16.2816751515,-0.0816743515
14.4200001000,16.2000008000,16.2603471476,-0.0603463476
14.4399996000,16.3999996000,16.2422778087,0.1577217913
14.4600000000,16.0000000000,16.2276201010,-0.2276201010
14.4799995000,16.2000008000,16.2164876851,-0.0164868851
14.5000000000,16.3999996000,16.2089489351,0.1910506649
14.5199995000,16.2000008000,16.2050309897,-0.0050301897
14.5400000000,16.3999996000,16.2047172521,0.1952823479
14.5599995000,16.2000008000,16.2079498769,-0.0079490769
14.5799999000,16.2000008000,16.2146309741,-0.0146301741
14.5999994000,16.2000008000,16.2246233207,-0.0246225207
14.6199999000,16.2000008000,16.2377550462,-0.0377542462
14.6399994000,16.2000008000,16.2538184231,-0.0538176231
14.6599998000,16.2000008000,16.2725779220,-0.0725771220
14.6799994000,16.3999996000,16.2937676230,0.1062319770
14.6999998000,16.3999996000,16.3171010791,0.0828985209
14.7199993000,16.3999996000,16.3422681449,0.0577314551
14.7399998000,16.3999996000,16.3689469641,0.0310526359
14.7599993000,16.3999996000,16.3967985844,0.0032010156
14.7799997000,16.3999996000,16.4254814137,-0.0254818137
14.7999992000,16.3999996000,16.4546448793,-0.0546452793
14.8199997000,16.6000004000,16.4839440713,0.1160563287
14.8399992000,16.3999996000,16.5130327711,-0.1130331711
14.8599997000,16.3999996000,16.5415788696,-0.1415792696
14.8800001000,16.6000004000,16.5692577885,0.0307426115
14.8999996000,16.6000004000,16.5957611411,0.0042392589
14.9200001000,16.6000004000,16.6208029917,-0.0208025917
14.9399996000,16.6000004000,16.6441143588,-0.0441139588
14.9600000000,16.8000011000,16.6654556546,0.1345454454
14.9799995000,16.8000011000,16.6846102265,0.1153908735
15.0000000000,16.6000004000,16.7013942389,-0.1013938389
15.0199995000,16.8000011000,16.7156511563,0.0843499437
15.0400000000,16.6000004000,16.7272595856,-0.1272591856
15.0599995000,16.8000011000,16.7361284846,0.0638726154
15.0799999000,16.8000011000,16.7422022450,0.0577988550
15.0999994000,16.8000011000,16.7454573518,0.0545437482
15.1199999000,16.8000011000,16.7459043205,0.0540967795
15.1399994000,16.8000011000,16.7435858432,0.0564152568
15.1599998000,16.6000004000,16.7385759181,-0.1385755181
15.1799994000,16.8000011000,16.7309792021,0.0690218979
15.1999998000,16.8000011000,16.7209276758,0.0790734242
15.2199993000,16.6000004000,16.7085810957,-0.1085806957
15.2399998000,16.8000011000,16.6941211728,0.1058799272
15.2599993000,16.6000004000,16.6777537087,-0.0777533087
15.2799997000,16.8000011000,16.6597002533,0.1403008467
15.2999992000,16.3999996000,16.6402013134,-0.2402017134
15.3199997000,16.6000004000,16.6195066809,-0.0195062809
15.3399992000,16.6000004000,16.5978796725,0.0021207275
15.3599997000,16.6000004000,16.5755857951,0.0244146049
15.3800001000,16.6000004000,16.5528970833,0.0471033167
15.3999996000,16.6000004000,16.5300852819,0.0699151181
15.4200001000,16.3999996000,16.5074158661,-0.1074162661
15.4399996000,16.6000004000,16.4851524894,0.1148479106
15.4600000000,16.6000004000,16.4635452598,0.1364551402
15.4799995000,16.3999996000,16.4428363790,-0.0428367790
15.5000000000,16.2000008000,16.4232496128,-0.2232488128
15.5199995000,16.3999996000,16.4049957068,-0.0049961068
15.5400000000,16.3999996000,16.3882625690,0.0117370310
15.5599995000,16.6000004000,16.3732206449,0.2267797551
15.5799999000,16.3999996000,16.3600147177,0.0399848823
15.5999994000,16.3999996000,16.3487683199,0.0512312801
15.6199999000,16.3999996000,16.3395778597,0.0604217403
15.6399994000,16.3999996000,16.3325161137,0.0674834863
15.6599998000,16.3999996000,16.3276282579,0.0723713421
15.6799994000,16.3999996000,16.3249344966,0.0750651034
15.6999998000,16.2000008000,16.3244285144,-0.1244277144
15.7199993000,16.2000008000,16.3260788788,-0.1260780788
15.7399998000,16.6000004000,16.3298297395,0.2701706605
15.7599993000,16.3999996000,16.3356012124,0.0643983876
15.7799997000,16.3999996000,16.3432921533,0.0567074467
15.7999992000,16.2000008000,16.3527795977,-0.1527787977
15.8199997000,16.3999996000,16.3639233523,0.0360762477
15.8399992000,16.3999996000,16.3765643412,0.0234352588
15.8599997000,16.2000008000,16.3905311191,-0.1905303191
15.8800001000,16.2000008000,16.4056378198,-0.2056370198
15.8999996000,16.3999996000,16.4216884720,-0.0216888720
15.9200001000,16.6000004000,16.4384816546,0.1615187454
15.9399996000,16.6000004000,16.4558075804,0.1441928196
15.9600000000,16.6000004000,16.4734571135,0.1265432865
15.9799995000,16.6000004000,16.4912177414,0.1087826586
16.0000000000,16.6000004000,16.5088825124,0.0911178876
16.0200005000,16.6000004000,16.5262465783,0.0737538217
16.0399990000,16.6000004000,16.5431113049,0.0568890951
16.0599995000,16.6000004000,16.5592922571,0.0407081429
16.0799999000,16.6000004000,16.5746110073,0.0253893927
16.1000004000,16.8000011000,16.5889041206,0.2110969794
16.1199989000,16.6000004000,16.6020214129,-0.0020210129
16.1399994000,16.6000004000,16.6138328741,-0.0138324741
16.1599998000,16.6000004000,16.6242219174,-0.0242215174
16.1800003000,16.8000011000,16.6330920036,0.1669090964
16.1999989000,16.6000004000,16.6403651508,-0.0403647508
16.2199993000,16.6000004000,16.6459853084,-0.0459849084
16.2399998000,16.8000011000,16.6499145797,0.1500865203
16.2600002000,16.8000011000,16.6521360568,0.1478650432
16.2799988000,16.6000004000,16.6526530907,-0.0526526907
16.2999992000,16.6000004000,16.6514888522,-0.0514884522
16.3199997000,16.6000004000,16.6486854558,-0.0486850558
16.3400002000,16.6000004000,16.6443035169,-0.0443031169
16.3599987000,16.8000011000,16.6384216488,0.1615794512
16.3799992000,16.6000004000,16.6311327548,-0.0311323548
16.3999996000,16.6000004000,16.6225462477,-0.0225458477
16.4200001000,16.8000011000,16.6127841392,0.1872169608
16.4400005000,16.6000004000,16.6019802224,-0.0019798224
16.4599991000,16.6000004000,16.5902790796,0.0097213204
16.4799995000,16.6000004000,16.5778301377,0.0221702623
16.5000000000,16.6000004000,16.5647919946,0.0352084054
16.5200005000,16.6000004000,16.5513265284,0.0486738716
16.5399990000,16.6000004000,16.5375991489,0.0624012511
16.5599995000,16.6000004000,16.5237713901,0.0762290099
16.5799999000,16.3999996000,16.5100073243,-0.1100077243
16.6000004000,16.6000004000,16.4964659374,0.1035344626
16.6199989000,16.3999996000,16.4833024061,-0.0833028061
16.6399994000,16.6000004000,16.4706608917,0.1293395083
16.6599998000,16.3999996000,16.4586809989,-0.0586813989
16.6800003000,16.3999996000,16.4474907564,-0.0474911564
16.6999989000,16.3999996000,16.4372079256,-0.0372083256
16.7199993000,16.3999996000,16.4279348135,-0.0279352135
16.7399998000,16.3999996000,16.4197630311,-0.0197634311
16.7600002000,16.3999996000,16.4127689739,-0.0127693739
16.7799988000,16.3999996000,16.4070143619,-0.0070147619
16.7999992000,16.6000004000,16.4025439918,0.1974564082
16.8199997000,16.6000004000,16.3993885248,0.2006118752
16.8400002000,16.3999996000,16.3975622671,0.0024373329
16.8599987000,16.6000004000,16.3970637678,0.2029366322
16.8799992000,16.6000004000,16.3978760643,0.2021243357
16.8999996000,16.3999996000,16.3999674245,0.0000321755
16.9200001000,16.6000004000,16.4032916907,0.1967087093
16.9400005000,16.6000004000,16.4077890890,0.1922113110
16.9599991000,16.6000004000,16.4133867068,0.1866136932
16.9799995000,16.3999996000,16.4200016061,-0.0200020061
17.0000000000,16.3999996000,16.4275390179,-0.0275394179
17.0200005000,16.6000004000,16.4358954299,0.1641049701
17.0399990000,16.6000004000,16.4449586563,0.1550417437
17.0599995000,16.6000004000,16.4546129333,0.1453874667
17.0799999000,16.3999996000,16.4647348883,-0.0647352883
17.1000004000,16.6000004000,16.4751988208,0.1248015792
17.1199989000,16.6000004000,16.4858759727,0.1141244273
17.1399994000,16.6000004000,16.4966405407,0.1033598593
17.1599998000,16.6000004000,16.5073646415,0.0926357585
17.1800003000,16.6000004000,16.5179242469,0.0820761531
17.1999989000,16.6000004000,16.5281982427,0.0718021573
17.2199993000,16.8000011000,16.5380738038,0.2619272962
17.2399998000,16.6000004000,16.5474419068,0.0525584932
17.2600002000,16.6000004000,16.5562020814,0.0437983186
17.2799988000,16.8000011000,16.5642620968,0.2357390032
17.2999992000,16.6000004000,16.5715415276,0.0284588724
17.3199997000,16.6000004000,16.5779682547,0.0220321453
17.3400002000,16.6000004000,16.5834819922,0.0165184078
17.3599987000,16.6000004000,16.5880337423,0.0119666577
17.3799992000,16.6000004000,16.5915878482,0.0084125518
17.3999996000,16.6000004000,16.5941194670,0.0058809330
17.4200001000,16.6000004000,16.5956166122,0.0043837878
17.4400005000,16.6000004000,16.5960795030,0.0039208970
17.4599991000,16.6000004000,16.5955205134,0.0044798866
17.4799995000,16.6000004000,16.5939634949,0.0060369051
17.5000000000,16.6000004000,16.5914435982,0.0085568018
17.5200005000,16.8000011000,16.5880065972,0.2119945028
17.5399990000,16.6000004000,16.5837086250,0.0162917750
17.5599995000,16.6000004000,16.5786135549,0.0213868451
17.5799999000,16.6000004000,16.5727947119,0.0272056881
17.6000004000,16.3999996000,16.5663321238,-0.1663325238
17.6199989000,16.6000004000,16.5593127570,0.0406876430
17.6399994000,16.6000004000,16.5518264288,0.0481739712
17.6599998000,16.8000011000,16.5439689539,0.2560321461
17.6800003000,16.6000004000,16.5358380492,0.0641623508
17.6999989000,16.6000004000,16.5275338558,0.0724665442
17.7199993000,16.6000004000,16.5191544692,0.0808459308
17.7399998000,16.6000004000,16.5107993925,0.0892010075
17.7600002000,16.6000004000,16.5025655432,0.0974348568
17.7799988000,16.6000004000,16.4945473584,0.1054530416
17.7999992000,16.6000004000,16.4868330550,0.1131673450
17.8199997000,16.6000004000,16.4795079214,0.1204924786
17.8400002000,16.3999996000,16.4726506148,-0.0726510148
17.8599987000,16.3999996000,16.4663335682,-0.0663339682
17.8799992000,16.3999996000,16.4606198358,-0.0606202358
17.8999996000,16.2000008000,16.4555662962,-0.2555654962
17.9200001000,16.6000004000,16.4512204504,0.1487799496
17.9400005000,16.3999996000,16.4476208438,-0.0476212438
17.9599991000,16.3999996000,16.4447968303,-0.0447972303
17.9799995000,16.3999996000,16.4427675364,-0.0427679364
18.0000000000,16.3999996000,16.4415432956,-0.0415436956
